first_name,last_name,state
Janice,Howell,CA
Wanda,Alvarez,CA
Laura,Olson,CA
Bonnie,Brooks,CT
Linda,Mitchell,CA
Robin,Hayes,CA
Michelle,Montgomery,CA
Helen,Berry,CT
Janet,Rodriguez,CA
Barbara,Ortiz,CA
Roy,Lopez,CA
Carlos,Gray,CA
Sarah,Fernandez,CA
Nicole,Banks,CA
Teresa,Oliver,CO
Brian,Palmer,CA
Billy,Marshall,CA
Kevin,Martinez,CO
Philip,Kim,CA
Jerry,Hawkins,CA
Albert,Lawson,CA
Eugene,Stewart,CO
Diana,Gonzales,CA
Lillian,Rodriguez,CT
Andrew,Parker,CT
Joyce,Payne,CA
Ernest,Mills,CA
Martin,Murray,CT
Ronald,Hughes,CA
Walter,Hughes,CA
Jeffrey,Dunn,CA
Keith,Gordon,CT
Eugene,Jackson,CO
Deborah,Lee,CA
Jesse,Stone,CA
Louis,Cole,CA
Keith,Harrison,CA
Judy,Ramirez,CA
Henry,Burns,CA
Randy,Wells,CA
Susan,Dixon,CA
Thomas,Oliver,CA
Gloria,Roberts,CA
Joan,Elliott,CA
Thomas,Martin,CA
Daniel,Williamson,CA
Adam,West,CO
Matthew,Chavez,CA
Lawrence,Ryan,CT
Annie,Richards,CO
Norma,Simpson,CA
Sarah,Allen,CA
Sandra,Bryant,CA
Robin,Wheeler,CA
Gerald,Ortiz,CA
Betty,Hall,CA
Ryan,Webb,CA
Donald,Harris,CO
Anna,Porter,CO
Bobby,Lynch,CA
Ronald,Gibson,CA
Kathryn,Day,CA
Mildred,Ortiz,CA
Philip,Arnold,CA
Todd,Richards,CA
Sandra,Lawrence,CA
Stephanie,Ruiz,CA
Maria,Morgan,CA
Joyce,Henry,CA
Lori,Burke,CA
Jimmy,Willis,CO
Jimmy,Price,CA
Matthew,Robinson,CA
Louise,Fisher,CT
Terry,Grant,CA
Willie,Elliott,CO
Kelly,Burns,CA
Cheryl,Kim,CA
Rebecca,Hayes,CA
Denise,Lawson,CA
Rose,Jones,CO
Joe,Owens,CA
Todd,Fields,CA
Doris,Jenkins,CA
Louise,Howard,CA
Ryan,Holmes,CA
Philip,Brown,CA
Irene,Crawford,CA
Ernest,Fowler,CA
Jose,Butler,CT
Maria,Harrison,CO
Dennis,Gordon,CA
William,Martinez,CA
Angela,Elliott,CA
Jack,Martinez,CT
Deborah,Johnston,CA
Frank,Gutierrez,CA
Margaret,Arnold,CO
Justin,Snyder,CA
Norma,Robertson,CA
Daniel,Woods,CA
Bruce,Ross,CA
Theresa,Fox,CA
Keith,Perez,CA
Michael,Wagner,CA
Kathy,Ellis,CA
Diana,Torres,CO
Melissa,Olson,CO
Charles,Green,CA
Rose,Garcia,CT
Joyce,Morgan,CO
Benjamin,Hernandez,CA
Raymond,Stephens,CA
Linda,Rivera,CA
Irene,Gibson,CA
Michelle,Roberts,CA
Ruth,Alvarez,CA
Sean,Webb,CA
Matthew,Franklin,CT
Patrick,Barnes,CA
Daniel,Hunt,CO
Denise,Fuller,CO
Edward,Hicks,CA
James,Little,CA
Kenneth,Gomez,CA
Helen,Stanley,CA
Edward,Sanchez,CA
Barbara,Bryant,CA
Tammy,Wagner,CA
Betty,Welch,CO
Steve,West,CA
Clarence,Olson,CO
Barbara,Howard,CA
Ruby,Burton,CA
Ashley,Rice,CA
Irene,Morgan,CA
Janice,Bryant,CT
Sean,Reed,CA
Keith,Pierce,CA
Timothy,Powell,CA
Teresa,Day,CO
Ashley,Reid,CA
Patrick,Watkins,CA
Billy,Banks,CA
William,Carroll,CO
Mildred,Crawford,CA
Jason,Mitchell,CA
Douglas,Boyd,CO
Walter,Burns,CO
Jimmy,Gutierrez,CA
Carlos,Hanson,CA
Mary,Richards,CO
Peter,Hawkins,CO
Phillip,Stone,CA
Margaret,Myers,CA
Ashley,Franklin,CA
Donna,Hernandez,CA
Dorothy,Cole,CT
Carol,Robinson,CA
Lois,Cruz,CA
Wayne,Williams,CO
Carlos,Chapman,CA
Anna,Jackson,CA
Maria,Palmer,CA
Brandon,Jackson,CA
Jimmy,Simmons,CA
Donald,Woods,CA
Jimmy,Foster,CO
Marilyn,Payne,CA
