first_name,last_name
Wanda,Alvarez
Laura,Olson
Linda,Mitchell
Robin,Hayes
Barbara,Ortiz
Nicole,Banks
Brian,Palmer
Billy,Marshall
Joyce,Payne
Ernest,Mills
Jeffrey,Dunn
Louis,Cole
Keith,Harrison
Henry,Burns
Thomas,Martin
Daniel,Williamson
Betty,Hall
Bobby,Lynch
Sandra,Lawrence
Maria,Morgan
Lori,Burke
Jimmy,Price
Cheryl,Kim
Denise,Lawson
Joe,Owens
Todd,Fields
Doris,Jenkins
Louise,Howard
Dennis,Gordon
Angela,Elliott
Frank,Gutierrez
Justin,Snyder
Norma,Robertson
Daniel,Woods
Michael,Wagner
Raymond,Stephens
Irene,Gibson
Ruth,Alvarez
Patrick,Barnes
James,Little
Kenneth,Gomez
Helen,Stanley
Steve,West
Barbara,Howard
Sean,Reed
Timothy,Powell
Ashley,Reid
Billy,Banks
Jason,Mitchell
Carlos,Hanson
Ashley,Franklin
Donna,Hernandez
Carol,Robinson
Brandon,Jackson
