1,Sherwood,Allan,21 Rosewood Rd.
2,Zimmer,Barry,16285 Wendell St.
3,Brown,Christine,19270 NW Cornell Rd.
4,Goldstein,David,1374 46th Ave.
5,Valentino,Erin,6982 Palm Ave.
6,Wilson,Frank Lee,23 Mountain View St.
7,Hernandez,Gary,3829 Broadway Ave.
8,Esway,Heather,291 W. Hollywood Blvd.
9,Butt,James,96950 Hidden Ln
10,Darakjy,Josephine,6980 Dorsett Rd
11,Venere,Art,5 E Truman Rd
12,Paprocki,Lenna,8284 Hart St
13,Foller,Donette,9387 Charcot Ave
14,Morasca,Simona,3777 E Richmond St #900
15,Tollner,Mitsue,9390 S Howell Ave
16,Dilliard,Leota,89992 E 15th St
17,Wieser,Sage,812 S Haven St
18,Marrier,Kris,72119 S Walker Ave #63
19,Amigon,Minna,18 Fountain St
20,Maclead,Abel,1747 Calle Amanecer #2
21,Caldarera,Kiley,735 Crawford Dr
22,Ruta,Graciela,560 Civic Center Dr
23,Albares,Cammy,747 Leonis Blvd
24,Poquette,Mattie,70099 E North Ave
25,Garufi,Meaghan,73 W Barstow Ave
26,Rim,Gladys,3 Mcauley Dr
27,Whobrey,Yuki,6 S 33rd St
28,Flosi,Fletcher,92 Broadway
29,Nicka,Bette,26 Montgomery St
30,Inouye,Veronika,187 Market St
31,Kolmetz,Willard,82 Winsor St #54
32,Royster,Maryann,506 S Hacienda Dr
33,Slusarski,Alisha,2026 N Plankinton Ave #3
34,Iturbide,Allene,3125 Packer Ave #9851
35,Caudy,Chanel,228 Runamuck Pl #2808
36,Chui,Ezekiel,6 Kains Ave
37,Kusko,Willow,2 S Biscayne Blvd
38,Figeroa,Bernardo,4 Iwaena St
39,Corrio,Ammie,2 W Scyene Rd #3
40,Vocelka,Francine,34 Saint George Ave #2
41,Stenseth,Ernie,95 Main Ave #2
42,Glick,Albina,70 W Main St
43,Sergi,Alishia,3 Elmwood Dr
44,Shinko,Solange,34 Raritan Center Pky
45,Stockham,Jose,64 Lakeview Ave
46,Ostrosky,Rozella,2887 Knowlton St #5435
47,Gillian,Valentine,598 43rd St
48,Rulapaugh,Kati,5 Elmwood Park Blvd
49,Schemmer,Youlanda,9506 Edgemore Ave
50,Oldroyd,Dyan,539 Coldwater Canyon Ave
51,Campain,Roxane,772 W River Dr
52,Perin,Lavera,70 Euclid Ave #722
53,Ferencz,Erick,9635 S Main St
54,Saylors,Fatima,67 Rv Cent
55,Briddick,Jina,8 County Center Dr #647
56,Waycott,Kanisha,5 S Colorado Blvd #449
57,Bowley,Emerson,4 Webbs Chapel Rd
58,Malet,Blair,8590 Lake Lizzie Dr
59,Bolognia,Brock,70295 Pioneer Ct
60,Nestle,Lorrie,8 W Cerritos Ave #54
61,Uyetake,Sabra,46314 Route 130
62,Mastella,Marjory,50 E Wacker Dr
63,Klonowski,Karl,3732 Sherman Ave
64,Wenner,Tonette,4 B Blue Ridge Blvd
65,Monarrez,Amber,6 Gilson St
66,Seewald,Shenika,617 Nw 36th Ave
67,Ahle,Delmy,25657 Live Oak St
68,Juhas,Deeanna,64 Newman Springs Rd E
69,Pugh,Blondell,61047 Mayfield Ave
70,Vanausdal,Jamal,49 N Mays St
71,Hollack,Cecily,8116 Mount Vernon Ave
72,Lindall,Carmelina,42754 S Ash Ave
73,Yglesias,Maurine,4800 Black Horse Pike
74,Buvens,Tawna,33 Lewis Rd #46
75,Weight,Penney,9 Tower Ave
76,Morocco,Elly,170 Wyoming Ave
77,Eroman,Ilene,7061 N 2nd St
78,Mondella,Vallie,3829 Ventura Blvd
79,Blackwood,Kallie,17 Morena Blvd
80,Abdallah,Johnetta,25 Se 176th Pl
81,Rhym,Bobbye,1 Garfield Ave #7
82,Rhymes,Micaela,94 W Dodge Rd
83,Hoogland,Tamar,13252 Lighthouse Ave
84,Parlato,Moon,6 S Broadway St
85,Reitler,Laurel,98 Connecticut Ave Nw
86,Crupi,Delisa,1088 Pinehurst St
87,Toelkes,Viva,43496 Commercial Dr #29
88,Lipke,Elza,38773 Gravois Ave
89,Chickering,Devorah,7 Eads St
90,Mulqueen,Timothy,4284 Dorigo Ln
91,Honeywell,Arlette,4 Warehouse Point Rd #7
92,Dickerson,Dominque,137 Pioneer Way
93,Isenhower,Lettie,9 Murfreesboro Rd
94,Munns,Myra,45 E Acacia Ct
95,Barfield,Stephaine,72 Beechwood Ter
96,Gato,Lai,72 Mannix Dr
97,Emigh,Stephen,868 State St #38
98,Shields,Tyra,7 Tarrytown Rd
99,Wardrip,Tammara,83 County Road 437 #8581
100,Gibes,Cory,2845 Boulder Crescent St
101,Bruschke,Danica,80 Pittsford Victor Rd #9
102,Giguere,Wilda,82 Us Highway 46
103,Benimadho,Elvera,47857 Coney Island Ave
104,Vanheusen,Carma,31 Douglas Blvd #950
105,Hochard,Malinda,383 Gunderman Rd #197
106,Fern,Natalie,8597 W National Ave
107,Centini,Lisha,9 Vanowen St
108,Klusman,Arlene,8 Us Highway 22
109,Buemi,Alease,721 Interstate 45 S
110,Cronauer,Louisa,98839 Hawthorne Blvd #6101
111,Cetta,Angella,6882 Torresdale Ave
112,Goldammer,Cyndy,74874 Atlantic Ave
113,Cork,Rosio,20932 Hedley St
114,Korando,Celeste,523 Marquette Ave
115,Felger,Twana,386 9th Ave N
116,Samu,Estrella,77132 Coon Rapids Blvd Nw
117,Kines,Donte,80312 W 32nd St
118,Steffensmeier,Tiffiny,8728 S Broad St
119,Miceli,Edna,26659 N 13th St
120,Kownacki,Sue,189 Village Park Rd
121,Shin,Jesusa,177 S Rider Trl #52
122,Francescon,Rolland,627 Walford Ave
123,Schmierer,Pamella,99586 Main St
124,Kulzer,Glory,75684 S Withlapopka Dr #32
125,Palaspas,Shawna,8 S Haven St
126,Callaro,Brandon,7116 Western Ave
127,Cartan,Scarlet,3270 Dequindre Rd
128,Menter,Oretha,866 34th Ave
129,Smith,Ty,669 Packerland Dr #1438
130,Rochin,Xuan,7563 Cornwall Rd #4462
131,Dilello,Lindsey,76598 Rd  I 95 #1
132,Perez,Devora,78 Maryland Dr #146
133,Demesa,Herman,29 Cherry St #7073
134,Papasergi,Rory,5384 Southwyck Blvd
135,Riopelle,Talia,4 Ralph Ct
136,Shire,Van,2167 Sierra Rd
137,Lary,Lucina,2 Cedar Ave #84
138,Isaacs,Bok,9 N 14th St
139,Spickerman,Rolande,395 S 6th St #2
140,Paulas,Howard,87 Sierra Rd
141,Madarang,Kimbery,92899 Kalakaua Ave
142,Manno,Thurman,35 E Main St #43
143,Mirafuentes,Becky,2 Sw Nyberg Rd
144,Corrington,Beatriz,28 S 7th St #2824
145,Maybury,Marti,17 Jersey Ave
146,Gotter,Nieves,7 W 32nd St
147,Hagele,Leatha,555 Main St
148,Klimek,Valentin,1 N San Saba
149,Wiklund,Melissa,3989 Portage Tr
150,Zane,Sheridan,105 Richmond Valley Rd
151,Padilla,Bulah,12270 Caton Center Dr
152,Kohnert,Audra,461 Prospect Pl #316
153,Weirather,Daren,37 Alabama Ave
154,Jillson,Fernanda,1048 Main St
155,Gellinger,Gearldine,20 S Babcock St
156,Kitzman,Chau,48 Lenox St
157,Frey,Theola,9 Waydell St
158,Haroldson,Cheryl,87 Imperial Ct #79
159,Merced,Laticia,1482 College Ave
160,Batman,Carissa,61 13 Stoneridge #835
161,Craghead,Lezlie,76 Brooks St #9
162,Shealy,Ozell,7 S Beverly Dr
163,Parvis,Arminda,2 S 15th St
164,Leto,Reita,2 W Mount Royal Ave
165,Luczki,Yolando,7163 W Clark Rd
166,Stem,Lizette,455 N Main Ave
167,Pawlowicz,Gregoria,16452 Greenwich St
168,Deleo,Carin,47154 Whipple Ave Nw
169,Maynerich,Chantell,47939 Porter Ave
170,Yum,Dierdre,2972 Lafayette Ave
171,Gudroe,Larae,35433 Blake St #588
172,Tolfree,Latrice,22 Spruce St #595
173,Theodorov,Kerry,2853 S Central Expy
174,Hidvegi,Dorthy,79 S Howell Ave
175,Lungren,Fannie,33 N Michigan Ave
176,Radde,Evangelina,9 Plainsboro Rd #598
177,Degroot,Novella,88827 Frankford Ave
178,Hoa,Clay,4646 Kaahumanu St
179,Fallick,Jennifer,34 Center St
180,Wolfgramm,Irma,287 Youngstown Warren Rd
181,Coody,Eun,3387 Ryan Dr
182,Cousey,Sylvia,2 W Beverly Blvd
183,Wrinkles,Nana,88 Sw 28th Ter
184,Springe,Layla,2500 Pringle Rd Se #508
185,Degonia,Joesph,8100 Jacksonville Rd #7
186,Boord,Annabelle,38 Pleasant Hill Rd
187,Vinning,Stephaine,2184 Worth St
188,Sawchuk,Nelida,99 Tank Farm Rd
189,Hiatt,Marguerita,60 Old Dover Rd
190,Cookey,Carmela,2 Flynn Rd
191,Brideau,Junita,4 10th St W
192,Varriano,Claribel,18 Waterloo Geneva Rd
193,Skursky,Benton,303 N Radcliffe St
194,Skulski,Hillary,5161 Dorsett Rd
195,Bayless,Merilyn,9 Wales Rd Ne #914
196,Ennaco,Teri,7 Benton Dr
197,Lawler,Merlyn,2 Lighthouse Ave
198,Montezuma,Georgene,6651 Municipal Rd
199,Mconnell,Jettie,14302 Pennsylvania Ave
200,Latzke,Lemuel,60 Fillmore Ave
201,Knipp,Melodie,94 Chase Rd
202,Corbley,Candida,55 Riverside Ave
203,Karpin,Karan,55262 N French Rd
204,Scheyer,Andra,87393 E Highland Rd
205,Poullion,Felicidad,6538 E Pomona St #60
206,Strassner,Belen,618 W Yakima Ave
207,Melnyk,Gracia,4 Bloomfield Ave
208,Hanafan,Jolanda,63517 Dupont St
209,Toyama,Barrett,11279 Loytan St
210,Fredicks,Helga,97 Airport Loop Dr
211,Pinilla,Ashlyn,14288 Foster Ave #4121
212,Agramonte,Fausto,4671 Alemany Blvd
213,Caiafa,Ronny,9 State Highway 57 #22
214,Limmel,Marge,5 Williams St
215,Waymire,Norah,2 A Kelley Dr
216,Baltimore,Aliza,4 Cowesett Ave
217,Pelkowski,Mozell,20113 4th Ave E
218,Bitsuie,Viola,4252 N Washington Ave #9
219,Emard,Franklyn,8772 Old County Rd #5410
220,Konopacki,Willodean,3424 29th St Se
221,Silvestrini,Beckie,810 N La Brea Ave
222,Gesick,Rebecka,2371 Jerrold Ave
223,Blunk,Frederica,4 E Colonial Dr
224,Bartolet,Glen,87895 Concord Rd
225,Gochal,Freeman,55 Hawthorne Blvd
226,Meinerding,Vincent,393 Hammond Dr
227,Bevelacqua,Rima,1 Washington St
228,Sarbacher,Glendora,3943 N Highland Ave
229,Steier,Avery,206 Main St #2804
230,Lother,Cristy,56 E Morehead St
231,Brossart,Nicolette,366 South Dr
232,Modzelewski,Tracey,3 Railway Ave #75
233,Tegarden,Virgina,1844 Southern Blvd
234,Frankel,Tiera,2664 Lewis Rd
235,Bergesen,Alaine,13 S Hacienda Dr
236,Mai,Earleen,2737 Pistorio Rd #9230
237,Gobern,Leonida,97 E 3rd St #9
238,Auffrey,Ressie,50126 N Plankinton Ave
239,Mugnolo,Justine,25 E 75th St #69
240,Saulter,Eladia,3882 W Congress St #799
241,Malvin,Chaya,4119 Metropolitan Dr
242,Suffield,Gwenn,7 W Pinhook Rd
243,Karpel,Salena,2215 Prosperity Dr
244,Fishburne,Yoko,762 S Main St
245,Moyd,Taryn,4 Nw 12th St #3849
246,Polidori,Katina,40 Cambridge Ave
247,Plumer,Rickie,3338 A Lockport Pl #6
248,Loader,Alex,54169 N Main St
249,Vizarro,Lashon,5 Cabot Rd
250,Burnard,Lauran,69734 E Carrillo St
251,Setter,Ceola,1 S Pine St
252,Rantanen,My,2759 Livingston Ave
253,Worlds,Lorrine,2 W Grand Ave
254,Sturiale,Peggie,919 Wall Blvd
255,Raymo,Marvel,72 Southern Blvd
256,Dinos,Daron,2 Se 3rd Ave
257,Fritz,An,596 Santa Maria Ave #7913
258,Stimmel,Portia,426 Wolf St
259,Aredondo,Rhea,678 3rd Ave
260,Sama,Benedict,32860 Sierra Rd
261,Arias,Alyce,23 Palo Alto Sq
262,Berganza,Heike,42744 Hamann Industrial Pky #82
263,Dopico,Carey,1644 Clove Rd
264,Hellickson,Dottie,19 Amboy Ave
265,Hughey,Deandrea,37275 St  Rt 17m M
266,Duenas,Kimberlie,481 W Lemon St
267,Staback,Martina,3273 State St
268,Fillingim,Skye,278 Bayview Ave
269,Farrar,Jade,59 Shady Ln #53
270,Hamilton,Charlene,9 N College Ave #3
271,Acey,Geoffrey,755 Harbor Way
272,Westerbeck,Stevie,1950 5th Ave
273,Fortino,Pamella,25 Minters Chapel Rd #9
274,Haufler,Harrison,53075 Sw 152nd Ter #615
275,Engelberg,Johnna,62260 Park Stre
276,Cloney,Buddy,201 Ridgewood Rd
277,Riden,Dalene,63 Smith Ln #8343
278,Zurcher,Jerry,6 Van Buren St
279,Denooyer,Haydee,2094 Montour Blvd
280,Cryer,Joseph,5221 Bear Valley Rd
281,Kippley,Deonna,90177 N 55th Ave
282,Calvaresi,Raymon,8139 I Hwy 10 #92
283,Bubash,Alecia,9122 Carpenter Ave
284,Layous,Ma,759 Eldora St
285,Coyier,Detra,6649 N Blue Gum St
286,Rodeigues,Terrilyn,3 Secor Rd
287,Lacovara,Salome,3718 S Main St
288,Keetch,Garry,90991 Thorburn Ave
289,Neither,Matthew,2742 Distribution Way
290,Restrepo,Theodora,128 Bransten Rd
291,Kalafatis,Noah,4486 W O St #1
292,Sweigard,Carmen,3305 Nabell Ave #679
293,Hengel,Lavonda,8 Industry Ln
294,Stoltzman,Junita,229 N Forty Driv
295,Nicolozakes,Herminia,5 Harrison Rd
296,Good,Casie,38062 E Main St
297,Maisto,Reena,25346 New Rd
298,Mallett,Mirta,7 S San Marcos Rd
299,Pontoriero,Cathrine,87163 N Main Ave
300,Tawil,Filiberto,3 Lawton St
301,Upthegrove,Raul,18 3rd Ave
302,Candlish,Sarah,47565 W Grand Ave
303,Treston,Lucy,6794 Lake Dr E
304,Aquas,Judy,32820 Corkwood Rd
305,Tjepkema,Yvonne,1610 14th St Nw
306,Lace,Kayleigh,8977 Connecticut Ave Nw #3
307,Hirpara,Felix,4 Carroll St
308,Sweely,Tresa,78112 Morris Ave
309,Turinetti,Kristeen,41 Steel Ct
310,Regusters,Jenelle,70 Mechanic St
311,Monterrubio,Renea,49440 Dearborn St
312,Matuszak,Olive,1933 Packer Ave #2
313,Reiber,Ligia,993 Washington Ave
314,Eschberger,Christiane,27846 Lafayette Ave
315,Schirpke,Goldie,72868 Blackington Ave
316,Timenez,Loreta,82 N Highway 67
317,Hauenstein,Fabiola,6 Ridgewood Center Dr
318,Perigo,Amie,21575 S Apple Creek Rd
319,Brachle,Raina,52777 Leaders Heights Rd
320,Canlas,Erinn,703 Beville Rd
321,Lietz,Cherry,1 N Harlem Ave #9
322,Vonasek,Kattie,93 Redmond Rd #492
323,Scriven,Lilli,7 W Wabansia Ave #227
324,Tomasulo,Whitley,2139 Santa Rosa Ave
325,Adkin,Barbra,75698 N Fiesta Blvd
326,Thyberg,Hermila,63 E Aurora Dr
327,Flister,Jesusita,77 222 Dr
328,Julia,Caitlin,7219 Woodfield Rd
329,Hoffis,Roosevelt,55892 Jacksonville Rd
330,Halter,Helaine,94290 S Buchanan St
331,Martabano,Lorean,7 West Ave #1
332,Buzick,France,3 State Route 35 S
333,Ferrario,Justine,5 W 7th St
334,Nabours,Adelina,18 Coronado Ave #563
335,Dhamer,Derick,3381 E 40th Ave
336,Dallen,Jerry,2726 Charcot Ave
337,Ragel,Leota,36 Lancaster Dr Se
338,Amyot,Jutta,65 W Maple Ave
339,Gehrett,Aja,8429 Miller Rd
340,Herritt,Kirk,347 Chestnut St
341,Mauson,Leonora,6 Harry L Dr #6327
342,Brucato,Winfred,209 Decker Dr
343,Nachor,Tarra,3 Fort Worth Ave
344,Loder,Corinne,63381 Jenks Ave
345,Labreche,Dulce,992 Civic Center Dr
346,Keneipp,Kate,73 Southern Blvd
347,Ogg,Kaitlyn,4379 Highway 116
348,Saras,Sherita,4441 Point Term Mkt
349,Stuer,Lashawnda,910 Rahway Ave
350,Syrop,Ernest,73 State Road 434 E
351,Halsey,Nobuko,1 Huntwood Ave
352,Wolny,Lavonna,96541 W Central Blvd
353,Lizama,Lashaunda,86350 Roszel Rd
354,Bilden,Mariann,9 W Central Ave
355,Rodenberger,Helene,90131 J St
356,Estell,Roselle,30553 Washington Rd
357,Heintzman,Samira,66552 Malone Rd
358,Meisel,Margart,13 Gunnison St
359,Bennick,Kristofer,48 Stratford Ave
360,Acuff,Weldon,53 W Carey St
361,Shadrick,Shalon,1 Commerce Way
362,Patak,Denise,4940 Pulaski Park Dr
363,Beech,Louvenia,60480 Old Us Highway 51
364,Yaw,Audry,2881 Lewis Rd
365,Ehmann,Kristel,65895 S 16th St
366,Zepp,Vincenza,201 Hawk Ct
367,Gwalthney,Elouise,1 Rancho Del Mar Shopping C
368,Maillard,Venita,9 Hwy
369,Semidey,Kasandra,987 Main St
370,Discipio,Xochitl,3958 S Dupont Hwy #7
371,Linahan,Maile,9745 W Main St
372,Rauser,Krissy,73 Saint Ann St #86
373,Dubaldi,Pete,8 Mcarthur Ln
374,Paa,Linn,36 Enterprise St Se
375,Wide,Paris,39 Franklin Ave
376,Dorshorst,Wynell,9677 Commerce Dr
377,Birkner,Quentin,393 Lafayette Ave
378,Kannady,Regenia,45 E Liberty St
379,Louissant,Sheron,2409 Alabama Rd
380,Funnell,Izetta,9939 N 14th St
381,Butzen,Rodolfo,66697 Park Pl #3224
382,Colla,Zona,9581 E Arapahoe Rd
383,Zagen,Serina,7140 University Ave
384,Sahagun,Paz,798 Lund Farm Way
385,Lukasik,Markus,394 Manchester Blvd
386,Bachman,Jaclyn,2140 Diamond Blvd
387,Daufeldt,Cyril,26849 Jefferson Hwy
388,Schnitzler,Gayla,81 Norris Ave #525
389,Nievas,Erick,433 Westminster Blvd #590
390,Drymon,Jennie,5 Washington St #1
391,Scipione,Mitsue,17 Us Highway 111
392,Ventura,Ciara,3158 Runamuck Pl
393,Cantres,Galen,6916 W Main St
394,Feichtner,Truman,1953 Telegraph Rd
395,Kitty,Gail,4923 Carey Ave
396,Schoeneck,Dalene,369 Latham St #500
397,Witten,Gertude,2023 Greg St
398,Kohl,Lizbeth,9 Church St
399,Berray,Glenn,9648 S Main
400,Klang,Lashandra,51120 State Route 18
401,Newville,Lenna,775 W 17th St
402,Pagliuca,Laurel,85092 Southern Blvd
403,Frerking,Mireya,4 S Washington Ave
404,Tagala,Annelle,30 W 80th St #1995
405,Ketelsen,Dean,1 Century Park E
406,Munis,Levi,469 Outwater Ln
407,Ryser,Sylvie,701 S Harrison Rd
408,Maile,Sharee,3717 Hamann Industrial Pky
409,Storment,Cordelia,6 Middlegate Rd #106
410,Mcdoniel,Mollie,39 Moccasin Dr
411,Mccullan,Brett,10276 Brooks St
412,Pedrozo,Teddy,83649 W Belmont Ave
413,Andreason,Tasia,7 W Jackson Blvd
414,Walthall,Hubert,6 Greenleaf Ave
415,Farrow,Arthur,99385 Charity St #840
416,Berlanga,Vilma,1128 Delaware St
417,Miro,Billye,524 Louisiana Ave Nw
418,Slayton,Glenna,2 Monroe St
419,Hudnall,Mitzie,98 University Dr
420,Rodefer,Bernardine,11360 S Halsted St
421,Schmaltz,Staci,195 13n N
422,Meteer,Nichelle,985 E 6th Ave
423,Rhoden,Janine,251 Park Ave #979
424,Hoopengardner,Ettie,77 Massillon Rd #822
425,Jayson,Eden,4 58th St #3519
426,Auber,Lynelle,10759 Main St
427,Tomblin,Merissa,63728 Poway Rd #1
428,Kaniecki,Golda,67 E Chestnut Hill Rd
429,Gleich,Catarina,61556 W 20th Ave
430,Kiel,Virgie,636 Commerce Dr #42
431,Ostolaza,Jolene,86 Nw 66th St #8673
432,Borgman,Keneth,5 Boston Ave #88
433,Nayar,Rikki,749 W 18th St #45
434,Sengbusch,Elke,61304 N French Rd
435,Sarao,Hoa,406 Main St
436,Mcrae,Trinidad,55713 Lake City Hwy
437,Lueckenbach,Mari,577 Parade St
438,Husser,Selma,5 Green Pond Rd #4
439,Onofrio,Antione,57 Haven Ave #90
440,Jurney,Luisa,84 Bloomfield Ave
441,Heimann,Clorinda,44 W 4th St
442,Wenzinger,Dick,89 20th St E #779
443,Angalich,Ahmed,1 Central Ave
444,Ohms,Iluminada,3196 S Rider Trl
445,Leinenbach,Joanna,944 Gaither Dr
446,Suell,Caprice,62 W Austin St
447,Myricks,Stephane,422 E 21st St
448,Swayze,Quentin,37 N Elm St #916
449,Castros,Annmarie,8 Fair Lawn Ave
450,Greenbush,Shonda,3211 E Northeast Loop
451,Lapage,Cecil,1 State Route 27
452,Claucherty,Jeanice,326 E Main St #6496
453,Villanueva,Josphine,62 Monroe St
454,Perruzza,Daniel,3 N Groesbeck Hwy
455,Wildfong,Cassi,7422 Martin Ave #8
456,Galam,Britt,6201 S Nevada Ave
457,Lipkin,Adell,7 Flowers Rd #403
458,Rowling,Jacqueline,99 5th Ave #33
459,Weglarz,Lonny,9 Norristown Rd
460,Diestel,Lonna,39 S 7th St
461,Samara,Cristal,2239 Shawnee Mission Pky
462,Grenet,Kenneth,649 Tulane Ave
463,Mclaird,Elli,4 Stovall St #72
464,Jeanty,Alline,6 Sunrise Ave
465,Eanes,Sharika,22 Bridle Ln
466,Mcnease,Nu,4 Otis St
467,Comnick,Daniela,8739 Hudson St
468,Colaizzo,Cecilia,88 15th Ave Ne
469,Threets,Leslie,840 15th Ave
470,Koppinger,Nan,8927 Vandever Ave
471,Dewar,Izetta,96263 Greenwood Pl
472,Arceo,Tegan,9 Front St
473,Keener,Ruthann,40 9th Ave Sw #91
474,Breland,Joni,71 San Mateo Ave
475,Rentfro,Vi,74989 Brandon St
476,Kardas,Colette,1 Midway Rd
477,Tromblay,Malcolm,4545 Courthouse Rd
478,Harnos,Ryan,44 58th St
479,Chaffins,Jess,65 Mountain View Dr
480,Bourbon,Sharen,6535 Joyce St
481,Juvera,Nickolas,5 Little River Tpke
482,Nunlee,Gary,57254 Brickell Ave #372
483,Devreese,Diane,2094 Ne 36th Ave
484,Chavous,Roslyn,7667 S Hulen St #42
485,Schieler,Glory,8573 Lincoln Blvd
