Track_Id,Track_Name,Album_Title,Media_Type,Genre
1,For Those About To Rock (We Salute You),For Those About To Rock We Salute You,MPEG audio file,Rock
2,Balls to the Wall,Balls to the Wall,Protected AAC audio file,Rock
3,Fast As a Shark,Restless and Wild,Protected AAC audio file,Rock
4,Restless and Wild,Restless and Wild,Protected AAC audio file,Rock
5,Princess of the Dawn,Restless and Wild,Protected AAC audio file,Rock
6,Put The Finger On You,For Those About To Rock We Salute You,MPEG audio file,Rock
7,Let's Get It Up,For Those About To Rock We Salute You,MPEG audio file,Rock
8,Inject The Venom,For Those About To Rock We Salute You,MPEG audio file,Rock
9,Snowballed,For Those About To Rock We Salute You,MPEG audio file,Rock
10,Evil Walks,For Those About To Rock We Salute You,MPEG audio file,Rock
11,C.O.D.,For Those About To Rock We Salute You,MPEG audio file,Rock
12,Breaking The Rules,For Those About To Rock We Salute You,MPEG audio file,Rock
13,Night Of The Long Knives,For Those About To Rock We Salute You,MPEG audio file,Rock
14,Spellbound,For Those About To Rock We Salute You,MPEG audio file,Rock
15,Go Down,Let There Be Rock,MPEG audio file,Rock
16,Dog Eat Dog,Let There Be Rock,MPEG audio file,Rock
17,Let There Be Rock,Let There Be Rock,MPEG audio file,Rock
18,Bad Boy Boogie,Let There Be Rock,MPEG audio file,Rock
19,Problem Child,Let There Be Rock,MPEG audio file,Rock
20,Overdose,Let There Be Rock,MPEG audio file,Rock
21,Hell Ain't A Bad Place To Be,Let There Be Rock,MPEG audio file,Rock
22,Whole Lotta Rosie,Let There Be Rock,MPEG audio file,Rock
23,Walk On Water,Big Ones,MPEG audio file,Rock
24,Love In An Elevator,Big Ones,MPEG audio file,Rock
25,Rag Doll,Big Ones,MPEG audio file,Rock
26,What It Takes,Big Ones,MPEG audio file,Rock
27,Dude (Looks Like A Lady),Big Ones,MPEG audio file,Rock
28,Janie's Got A Gun,Big Ones,MPEG audio file,Rock
29,Cryin',Big Ones,MPEG audio file,Rock
30,Amazing,Big Ones,MPEG audio file,Rock
31,Blind Man,Big Ones,MPEG audio file,Rock
32,Deuces Are Wild,Big Ones,MPEG audio file,Rock
33,The Other Side,Big Ones,MPEG audio file,Rock
34,Crazy,Big Ones,MPEG audio file,Rock
35,Eat The Rich,Big Ones,MPEG audio file,Rock
36,Angel,Big Ones,MPEG audio file,Rock
37,Livin' On The Edge,Big Ones,MPEG audio file,Rock
38,All I Really Want,Jagged Little Pill,MPEG audio file,Rock
39,You Oughta Know,Jagged Little Pill,MPEG audio file,Rock
40,Perfect,Jagged Little Pill,MPEG audio file,Rock
41,Hand In My Pocket,Jagged Little Pill,MPEG audio file,Rock
42,Right Through You,Jagged Little Pill,MPEG audio file,Rock
43,Forgiven,Jagged Little Pill,MPEG audio file,Rock
44,You Learn,Jagged Little Pill,MPEG audio file,Rock
45,Head Over Feet,Jagged Little Pill,MPEG audio file,Rock
46,Mary Jane,Jagged Little Pill,MPEG audio file,Rock
47,Ironic,Jagged Little Pill,MPEG audio file,Rock
48,Not The Doctor,Jagged Little Pill,MPEG audio file,Rock
49,Wake Up,Jagged Little Pill,MPEG audio file,Rock
50,You Oughta Know (Alternate),Jagged Little Pill,MPEG audio file,Rock
51,We Die Young,Facelift,MPEG audio file,Rock
52,Man In The Box,Facelift,MPEG audio file,Rock
53,Sea Of Sorrow,Facelift,MPEG audio file,Rock
54,Bleed The Freak,Facelift,MPEG audio file,Rock
55,I Can't Remember,Facelift,MPEG audio file,Rock
56,"Love, Hate, Love",Facelift,MPEG audio file,Rock
57,It Ain't Like That,Facelift,MPEG audio file,Rock
58,Sunshine,Facelift,MPEG audio file,Rock
59,Put You Down,Facelift,MPEG audio file,Rock
60,Confusion,Facelift,MPEG audio file,Rock
61,I Know Somethin (Bout You),Facelift,MPEG audio file,Rock
62,Real Thing,Facelift,MPEG audio file,Rock
85,Cochise,Audioslave,MPEG audio file,Rock
86,Show Me How to Live,Audioslave,MPEG audio file,Rock
87,Gasoline,Audioslave,MPEG audio file,Rock
88,What You Are,Audioslave,MPEG audio file,Rock
89,Like a Stone,Audioslave,MPEG audio file,Rock
90,Set It Off,Audioslave,MPEG audio file,Rock
91,Shadow on the Sun,Audioslave,MPEG audio file,Rock
92,I am the Highway,Audioslave,MPEG audio file,Rock
93,Exploder,Audioslave,MPEG audio file,Rock
94,Hypnotize,Audioslave,MPEG audio file,Rock
95,Bring'em Back Alive,Audioslave,MPEG audio file,Rock
96,Light My Way,Audioslave,MPEG audio file,Rock
97,Getaway Car,Audioslave,MPEG audio file,Rock
98,The Last Remaining Light,Audioslave,MPEG audio file,Rock
337,You Shook Me,BBC Sessions [Disc 1] [Live],MPEG audio file,Rock
338,I Can't Quit You Baby,BBC Sessions [Disc 1] [Live],MPEG audio file,Rock
339,Communication Breakdown,BBC Sessions [Disc 1] [Live],MPEG audio file,Rock
340,Dazed and Confused,BBC Sessions [Disc 1] [Live],MPEG audio file,Rock
341,The Girl I Love She Got Long Black Wavy Hair,BBC Sessions [Disc 1] [Live],MPEG audio file,Rock
342,What is and Should Never Be,BBC Sessions [Disc 1] [Live],MPEG audio file,Rock
343,Communication Breakdown(2),BBC Sessions [Disc 1] [Live],MPEG audio file,Rock
344,Travelling Riverside Blues,BBC Sessions [Disc 1] [Live],MPEG audio file,Rock
345,Whole Lotta Love,BBC Sessions [Disc 1] [Live],MPEG audio file,Rock
346,Somethin' Else,BBC Sessions [Disc 1] [Live],MPEG audio file,Rock
347,Communication Breakdown(3),BBC Sessions [Disc 1] [Live],MPEG audio file,Rock
348,I Can't Quit You Baby(2),BBC Sessions [Disc 1] [Live],MPEG audio file,Rock
349,You Shook Me(2),BBC Sessions [Disc 1] [Live],MPEG audio file,Rock
350,How Many More Times,BBC Sessions [Disc 1] [Live],MPEG audio file,Rock
351,Debra Kadabra,Bongo Fury,MPEG audio file,Rock
352,Carolina Hard-Core Ecstasy,Bongo Fury,MPEG audio file,Rock
353,Sam With The Showing Scalp Flat Top,Bongo Fury,MPEG audio file,Rock
354,Poofter's Froth Wyoming Plans Ahead,Bongo Fury,MPEG audio file,Rock
355,200 Years Old,Bongo Fury,MPEG audio file,Rock
356,Cucamonga,Bongo Fury,MPEG audio file,Rock
357,Advance Romance,Bongo Fury,MPEG audio file,Rock
358,Man With The Woman Head,Bongo Fury,MPEG audio file,Rock
359,Muffin Man,Bongo Fury,MPEG audio file,Rock
419,A Kind Of Magic,Greatest Hits II,MPEG audio file,Rock
420,Under Pressure,Greatest Hits II,MPEG audio file,Rock
421,Radio GA GA,Greatest Hits II,MPEG audio file,Rock
422,I Want It All,Greatest Hits II,MPEG audio file,Rock
423,I Want To Break Free,Greatest Hits II,MPEG audio file,Rock
424,Innuendo,Greatest Hits II,MPEG audio file,Rock
425,It's A Hard Life,Greatest Hits II,MPEG audio file,Rock
426,Breakthru,Greatest Hits II,MPEG audio file,Rock
427,Who Wants To Live Forever,Greatest Hits II,MPEG audio file,Rock
428,Headlong,Greatest Hits II,MPEG audio file,Rock
429,The Miracle,Greatest Hits II,MPEG audio file,Rock
430,I'm Going Slightly Mad,Greatest Hits II,MPEG audio file,Rock
431,The Invisible Man,Greatest Hits II,MPEG audio file,Rock
432,Hammer To Fall,Greatest Hits II,MPEG audio file,Rock
433,Friends Will Be Friends,Greatest Hits II,MPEG audio file,Rock
434,The Show Must Go On,Greatest Hits II,MPEG audio file,Rock
435,One Vision,Greatest Hits II,MPEG audio file,Rock
436,Detroit Rock City,Greatest Kiss,MPEG audio file,Rock
437,Black Diamond,Greatest Kiss,MPEG audio file,Rock
438,Hard Luck Woman,Greatest Kiss,MPEG audio file,Rock
439,Sure Know Something,Greatest Kiss,MPEG audio file,Rock
440,Love Gun,Greatest Kiss,MPEG audio file,Rock
441,Deuce,Greatest Kiss,MPEG audio file,Rock
442,Goin' Blind,Greatest Kiss,MPEG audio file,Rock
443,Shock Me,Greatest Kiss,MPEG audio file,Rock
444,Do You Love Me,Greatest Kiss,MPEG audio file,Rock
445,She,Greatest Kiss,MPEG audio file,Rock
446,I Was Made For Loving You,Greatest Kiss,MPEG audio file,Rock
447,Shout It Out Loud,Greatest Kiss,MPEG audio file,Rock
448,God Of Thunder,Greatest Kiss,MPEG audio file,Rock
449,Calling Dr. Love,Greatest Kiss,MPEG audio file,Rock
450,Beth,Greatest Kiss,MPEG audio file,Rock
451,Strutter,Greatest Kiss,MPEG audio file,Rock
452,Rock And Roll All Nite,Greatest Kiss,MPEG audio file,Rock
453,Cold Gin,Greatest Kiss,MPEG audio file,Rock
454,Plaster Caster,Greatest Kiss,MPEG audio file,Rock
455,God Gave Rock 'n' Roll To You,Greatest Kiss,MPEG audio file,Rock
489,Into The Light,Into The Light,MPEG audio file,Rock
490,River Song,Into The Light,MPEG audio file,Rock
491,She Give Me ...,Into The Light,MPEG audio file,Rock
492,Don't You Cry,Into The Light,MPEG audio file,Rock
493,Love Is Blind,Into The Light,MPEG audio file,Rock
494,Slave,Into The Light,MPEG audio file,Rock
495,Cry For Love,Into The Light,MPEG audio file,Rock
496,Living On Love,Into The Light,MPEG audio file,Rock
497,Midnight Blue,Into The Light,MPEG audio file,Rock
498,Too Many Tears,Into The Light,MPEG audio file,Rock
499,Don't Lie To Me,Into The Light,MPEG audio file,Rock
500,Wherever You May Go,Into The Light,MPEG audio file,Rock
543,Burn,MK III The Final Concerts [Disc 1],MPEG audio file,Rock
544,Stormbringer,MK III The Final Concerts [Disc 1],MPEG audio file,Rock
545,Gypsy,MK III The Final Concerts [Disc 1],MPEG audio file,Rock
546,Lady Double Dealer,MK III The Final Concerts [Disc 1],MPEG audio file,Rock
547,Mistreated,MK III The Final Concerts [Disc 1],MPEG audio file,Rock
548,Smoke On The Water,MK III The Final Concerts [Disc 1],MPEG audio file,Rock
549,You Fool No One,MK III The Final Concerts [Disc 1],MPEG audio file,Rock
550,Custard Pie,Physical Graffiti [Disc 1],MPEG audio file,Rock
551,The Rover,Physical Graffiti [Disc 1],MPEG audio file,Rock
552,In My Time Of Dying,Physical Graffiti [Disc 1],MPEG audio file,Rock
553,Houses Of The Holy,Physical Graffiti [Disc 1],MPEG audio file,Rock
554,Trampled Under Foot,Physical Graffiti [Disc 1],MPEG audio file,Rock
555,Kashmir,Physical Graffiti [Disc 1],MPEG audio file,Rock
570,(Da Le) Yaleo,Supernatural,MPEG audio file,Rock
571,Love Of My Life,Supernatural,MPEG audio file,Rock
572,Put Your Lights On,Supernatural,MPEG audio file,Rock
573,Africa Bamba,Supernatural,MPEG audio file,Rock
574,Smooth,Supernatural,MPEG audio file,Rock
575,Do You Like The Way,Supernatural,MPEG audio file,Rock
576,Maria Maria,Supernatural,MPEG audio file,Rock
577,Migra,Supernatural,MPEG audio file,Rock
578,Corazon Espinado,Supernatural,MPEG audio file,Rock
579,Wishing It Was,Supernatural,MPEG audio file,Rock
580,El Farol,Supernatural,MPEG audio file,Rock
581,Primavera,Supernatural,MPEG audio file,Rock
582,The Calling,Supernatural,MPEG audio file,Rock
620,Space Truckin',The Final Concerts (Disc 2),MPEG audio file,Rock
621,Going Down / Highway Star,The Final Concerts (Disc 2),MPEG audio file,Rock
622,Mistreated (Alternate Version),The Final Concerts (Disc 2),MPEG audio file,Rock
623,You Fool No One (Alternate Version),The Final Concerts (Disc 2),MPEG audio file,Rock
675,Susie Q,"Chronicle, Vol. 1",MPEG audio file,Rock
676,I Put A Spell On You,"Chronicle, Vol. 1",MPEG audio file,Rock
677,Proud Mary,"Chronicle, Vol. 1",MPEG audio file,Rock
678,Bad Moon Rising,"Chronicle, Vol. 1",MPEG audio file,Rock
679,Lodi,"Chronicle, Vol. 1",MPEG audio file,Rock
680,Green River,"Chronicle, Vol. 1",MPEG audio file,Rock
681,Commotion,"Chronicle, Vol. 1",MPEG audio file,Rock
682,Down On The Corner,"Chronicle, Vol. 1",MPEG audio file,Rock
683,Fortunate Son,"Chronicle, Vol. 1",MPEG audio file,Rock
684,Travelin' Band,"Chronicle, Vol. 1",MPEG audio file,Rock
685,Who'll Stop The Rain,"Chronicle, Vol. 1",MPEG audio file,Rock
686,Up Around The Bend,"Chronicle, Vol. 1",MPEG audio file,Rock
687,Run Through The Jungle,"Chronicle, Vol. 1",MPEG audio file,Rock
688,Lookin' Out My Back Door,"Chronicle, Vol. 1",MPEG audio file,Rock
689,Long As I Can See The Light,"Chronicle, Vol. 1",MPEG audio file,Rock
690,I Heard It Through The Grapevine,"Chronicle, Vol. 1",MPEG audio file,Rock
691,Have You Ever Seen The Rain?,"Chronicle, Vol. 1",MPEG audio file,Rock
692,Hey Tonight,"Chronicle, Vol. 1",MPEG audio file,Rock
693,Sweet Hitch-Hiker,"Chronicle, Vol. 1",MPEG audio file,Rock
694,Someday Never Comes,"Chronicle, Vol. 1",MPEG audio file,Rock
695,Walking On The Water,"Chronicle, Vol. 2",MPEG audio file,Rock
696,"Suzie-Q, Pt. 2","Chronicle, Vol. 2",MPEG audio file,Rock
697,Born On The Bayou,"Chronicle, Vol. 2",MPEG audio file,Rock
698,Good Golly Miss Molly,"Chronicle, Vol. 2",MPEG audio file,Rock
699,Tombstone Shadow,"Chronicle, Vol. 2",MPEG audio file,Rock
700,Wrote A Song For Everyone,"Chronicle, Vol. 2",MPEG audio file,Rock
701,Night Time Is The Right Time,"Chronicle, Vol. 2",MPEG audio file,Rock
702,Cotton Fields,"Chronicle, Vol. 2",MPEG audio file,Rock
703,It Came Out Of The Sky,"Chronicle, Vol. 2",MPEG audio file,Rock
704,Don't Look Now,"Chronicle, Vol. 2",MPEG audio file,Rock
705,The Midnight Special,"Chronicle, Vol. 2",MPEG audio file,Rock
706,Before You Accuse Me,"Chronicle, Vol. 2",MPEG audio file,Rock
707,My Baby Left Me,"Chronicle, Vol. 2",MPEG audio file,Rock
708,Pagan Baby,"Chronicle, Vol. 2",MPEG audio file,Rock
709,(Wish I Could) Hideaway,"Chronicle, Vol. 2",MPEG audio file,Rock
710,It's Just A Thought,"Chronicle, Vol. 2",MPEG audio file,Rock
711,Molina,"Chronicle, Vol. 2",MPEG audio file,Rock
712,Born To Move,"Chronicle, Vol. 2",MPEG audio file,Rock
713,Lookin' For A Reason,"Chronicle, Vol. 2",MPEG audio file,Rock
714,Hello Mary Lou,"Chronicle, Vol. 2",MPEG audio file,Rock
745,Comin' Home,Come Taste The Band,MPEG audio file,Rock
746,Lady Luck,Come Taste The Band,MPEG audio file,Rock
747,Gettin' Tighter,Come Taste The Band,MPEG audio file,Rock
748,Dealer,Come Taste The Band,MPEG audio file,Rock
749,I Need Love,Come Taste The Band,MPEG audio file,Rock
750,Drifter,Come Taste The Band,MPEG audio file,Rock
751,Love Child,Come Taste The Band,MPEG audio file,Rock
752,This Time Around / Owed to 'G' [Instrumental],Come Taste The Band,MPEG audio file,Rock
753,You Keep On Moving,Come Taste The Band,MPEG audio file,Rock
754,Speed King,Deep Purple In Rock,MPEG audio file,Rock
755,Bloodsucker,Deep Purple In Rock,MPEG audio file,Rock
756,Child In Time,Deep Purple In Rock,MPEG audio file,Rock
757,Flight Of The Rat,Deep Purple In Rock,MPEG audio file,Rock
758,Into The Fire,Deep Purple In Rock,MPEG audio file,Rock
759,Living Wreck,Deep Purple In Rock,MPEG audio file,Rock
760,Hard Lovin' Man,Deep Purple In Rock,MPEG audio file,Rock
761,Fireball,Fireball,MPEG audio file,Rock
762,No No No,Fireball,MPEG audio file,Rock
763,Strange Kind Of Woman,Fireball,MPEG audio file,Rock
764,Anyone's Daughter,Fireball,MPEG audio file,Rock
765,The Mule,Fireball,MPEG audio file,Rock
766,Fools,Fireball,MPEG audio file,Rock
767,No One Came,Fireball,MPEG audio file,Rock
768,Knocking At Your Back Door,Knocking at Your Back Door: The Best Of Deep Purple in the 80's,MPEG audio file,Rock
769,Bad Attitude,Knocking at Your Back Door: The Best Of Deep Purple in the 80's,MPEG audio file,Rock
770,Child In Time (Son Of Aleric - Instrumental),Knocking at Your Back Door: The Best Of Deep Purple in the 80's,MPEG audio file,Rock
771,Nobody's Home,Knocking at Your Back Door: The Best Of Deep Purple in the 80's,MPEG audio file,Rock
772,Black Night,Knocking at Your Back Door: The Best Of Deep Purple in the 80's,MPEG audio file,Rock
773,Perfect Strangers,Knocking at Your Back Door: The Best Of Deep Purple in the 80's,MPEG audio file,Rock
774,The Unwritten Law,Knocking at Your Back Door: The Best Of Deep Purple in the 80's,MPEG audio file,Rock
775,Call Of The Wild,Knocking at Your Back Door: The Best Of Deep Purple in the 80's,MPEG audio file,Rock
776,Hush,Knocking at Your Back Door: The Best Of Deep Purple in the 80's,MPEG audio file,Rock
777,Smoke On The Water,Knocking at Your Back Door: The Best Of Deep Purple in the 80's,MPEG audio file,Rock
778,Space Trucking,Knocking at Your Back Door: The Best Of Deep Purple in the 80's,MPEG audio file,Rock
779,Highway Star,Machine Head,MPEG audio file,Rock
780,Maybe I'm A Leo,Machine Head,MPEG audio file,Rock
781,Pictures Of Home,Machine Head,MPEG audio file,Rock
782,Never Before,Machine Head,MPEG audio file,Rock
783,Smoke On The Water,Machine Head,MPEG audio file,Rock
784,Lazy,Machine Head,MPEG audio file,Rock
785,Space Truckin',Machine Head,MPEG audio file,Rock
786,Vavoom : Ted The Mechanic,Purpendicular,MPEG audio file,Rock
787,Loosen My Strings,Purpendicular,MPEG audio file,Rock
788,Soon Forgotten,Purpendicular,MPEG audio file,Rock
789,Sometimes I Feel Like Screaming,Purpendicular,MPEG audio file,Rock
790,Cascades : I'm Not Your Lover,Purpendicular,MPEG audio file,Rock
791,The Aviator,Purpendicular,MPEG audio file,Rock
792,Rosa's Cantina,Purpendicular,MPEG audio file,Rock
793,A Castle Full Of Rascals,Purpendicular,MPEG audio file,Rock
794,A Touch Away,Purpendicular,MPEG audio file,Rock
795,Hey Cisco,Purpendicular,MPEG audio file,Rock
796,Somebody Stole My Guitar,Purpendicular,MPEG audio file,Rock
797,The Purpendicular Waltz,Purpendicular,MPEG audio file,Rock
798,King Of Dreams,Slaves And Masters,MPEG audio file,Rock
799,The Cut Runs Deep,Slaves And Masters,MPEG audio file,Rock
800,Fire In The Basement,Slaves And Masters,MPEG audio file,Rock
801,Truth Hurts,Slaves And Masters,MPEG audio file,Rock
802,Breakfast In Bed,Slaves And Masters,MPEG audio file,Rock
803,Love Conquers All,Slaves And Masters,MPEG audio file,Rock
804,Fortuneteller,Slaves And Masters,MPEG audio file,Rock
805,Too Much Is Not Enough,Slaves And Masters,MPEG audio file,Rock
806,Wicked Ways,Slaves And Masters,MPEG audio file,Rock
807,Stormbringer,Stormbringer,MPEG audio file,Rock
808,Love Don't Mean a Thing,Stormbringer,MPEG audio file,Rock
809,Holy Man,Stormbringer,MPEG audio file,Rock
810,Hold On,Stormbringer,MPEG audio file,Rock
811,Lady Double Dealer,Stormbringer,MPEG audio file,Rock
812,You Can't Do it Right (With the One You Love),Stormbringer,MPEG audio file,Rock
813,High Ball Shooter,Stormbringer,MPEG audio file,Rock
814,The Gypsy,Stormbringer,MPEG audio file,Rock
815,Soldier Of Fortune,Stormbringer,MPEG audio file,Rock
816,The Battle Rages On,The Battle Rages On,MPEG audio file,Rock
817,Lick It Up,The Battle Rages On,MPEG audio file,Rock
818,Anya,The Battle Rages On,MPEG audio file,Rock
819,Talk About Love,The Battle Rages On,MPEG audio file,Rock
820,Time To Kill,The Battle Rages On,MPEG audio file,Rock
821,Ramshackle Man,The Battle Rages On,MPEG audio file,Rock
822,A Twist In The Tail,The Battle Rages On,MPEG audio file,Rock
823,Nasty Piece Of Work,The Battle Rages On,MPEG audio file,Rock
824,Solitaire,The Battle Rages On,MPEG audio file,Rock
825,One Man's Meat,The Battle Rages On,MPEG audio file,Rock
826,Pour Some Sugar On Me,Vault: Def Leppard's Greatest Hits,MPEG audio file,Rock
827,Photograph,Vault: Def Leppard's Greatest Hits,MPEG audio file,Rock
828,Love Bites,Vault: Def Leppard's Greatest Hits,MPEG audio file,Rock
829,Let's Get Rocked,Vault: Def Leppard's Greatest Hits,MPEG audio file,Rock
830,Two Steps Behind [Acoustic Version],Vault: Def Leppard's Greatest Hits,MPEG audio file,Rock
831,Animal,Vault: Def Leppard's Greatest Hits,MPEG audio file,Rock
832,Heaven Is,Vault: Def Leppard's Greatest Hits,MPEG audio file,Rock
833,Rocket,Vault: Def Leppard's Greatest Hits,MPEG audio file,Rock
834,When Love & Hate Collide,Vault: Def Leppard's Greatest Hits,MPEG audio file,Rock
835,Action,Vault: Def Leppard's Greatest Hits,MPEG audio file,Rock
836,Make Love Like A Man,Vault: Def Leppard's Greatest Hits,MPEG audio file,Rock
837,Armageddon It,Vault: Def Leppard's Greatest Hits,MPEG audio file,Rock
838,Have You Ever Needed Someone So Bad,Vault: Def Leppard's Greatest Hits,MPEG audio file,Rock
839,Rock Of Ages,Vault: Def Leppard's Greatest Hits,MPEG audio file,Rock
840,Hysteria,Vault: Def Leppard's Greatest Hits,MPEG audio file,Rock
841,Bringin' On The Heartbreak,Vault: Def Leppard's Greatest Hits,MPEG audio file,Rock
949,Get Out,King For A Day Fool For A Lifetime,MPEG audio file,Rock
950,Ricochet,King For A Day Fool For A Lifetime,MPEG audio file,Rock
951,Evidence,King For A Day Fool For A Lifetime,MPEG audio file,Rock
952,The Gentle Art Of Making Enemies,King For A Day Fool For A Lifetime,MPEG audio file,Rock
953,Star A.D.,King For A Day Fool For A Lifetime,MPEG audio file,Rock
954,Cuckoo For Caca,King For A Day Fool For A Lifetime,MPEG audio file,Rock
955,Caralho Voador,King For A Day Fool For A Lifetime,MPEG audio file,Rock
956,Ugly In The Morning,King For A Day Fool For A Lifetime,MPEG audio file,Rock
957,Digging The Grave,King For A Day Fool For A Lifetime,MPEG audio file,Rock
958,Take This Bottle,King For A Day Fool For A Lifetime,MPEG audio file,Rock
959,King For A Day,King For A Day Fool For A Lifetime,MPEG audio file,Rock
960,What A Day,King For A Day Fool For A Lifetime,MPEG audio file,Rock
961,The Last To Know,King For A Day Fool For A Lifetime,MPEG audio file,Rock
962,Just A Man,King For A Day Fool For A Lifetime,MPEG audio file,Rock
963,Absolute Zero,King For A Day Fool For A Lifetime,MPEG audio file,Rock
989,In Your Honor,In Your Honor [Disc 1],MPEG audio file,Rock
990,No Way Back,In Your Honor [Disc 1],MPEG audio file,Rock
991,Best Of You,In Your Honor [Disc 1],MPEG audio file,Rock
992,DOA,In Your Honor [Disc 1],MPEG audio file,Rock
993,Hell,In Your Honor [Disc 1],MPEG audio file,Rock
994,The Last Song,In Your Honor [Disc 1],MPEG audio file,Rock
995,Free Me,In Your Honor [Disc 1],MPEG audio file,Rock
996,Resolve,In Your Honor [Disc 1],MPEG audio file,Rock
997,The Deepest Blues Are Black,In Your Honor [Disc 1],MPEG audio file,Rock
998,End Over End,In Your Honor [Disc 1],MPEG audio file,Rock
999,Still,In Your Honor [Disc 2],MPEG audio file,Rock
1000,What If I Do?,In Your Honor [Disc 2],MPEG audio file,Rock
1001,Miracle,In Your Honor [Disc 2],MPEG audio file,Rock
1002,Another Round,In Your Honor [Disc 2],MPEG audio file,Rock
1003,Friend Of A Friend,In Your Honor [Disc 2],MPEG audio file,Rock
1004,Over And Out,In Your Honor [Disc 2],MPEG audio file,Rock
1005,On The Mend,In Your Honor [Disc 2],MPEG audio file,Rock
1006,Virginia Moon,In Your Honor [Disc 2],MPEG audio file,Rock
1007,Cold Day In The Sun,In Your Honor [Disc 2],MPEG audio file,Rock
1008,Razor,In Your Honor [Disc 2],MPEG audio file,Rock
1020,Doll,The Colour And The Shape,MPEG audio file,Rock
1021,Monkey Wrench,The Colour And The Shape,MPEG audio file,Rock
1022,"Hey, Johnny Park!",The Colour And The Shape,MPEG audio file,Rock
1023,My Poor Brain,The Colour And The Shape,MPEG audio file,Rock
1024,Wind Up,The Colour And The Shape,MPEG audio file,Rock
1025,Up In Arms,The Colour And The Shape,MPEG audio file,Rock
1026,My Hero,The Colour And The Shape,MPEG audio file,Rock
1027,See You,The Colour And The Shape,MPEG audio file,Rock
1028,Enough Space,The Colour And The Shape,MPEG audio file,Rock
1029,February Stars,The Colour And The Shape,MPEG audio file,Rock
1030,Everlong,The Colour And The Shape,MPEG audio file,Rock
1031,Walking After You,The Colour And The Shape,MPEG audio file,Rock
1032,New Way Home,The Colour And The Shape,MPEG audio file,Rock
1146,Welcome to the Jungle,Appetite for Destruction,Protected AAC audio file,Rock
1147,It's So Easy,Appetite for Destruction,Protected AAC audio file,Rock
1148,Nightrain,Appetite for Destruction,Protected AAC audio file,Rock
1149,Out Ta Get Me,Appetite for Destruction,Protected AAC audio file,Rock
1150,Mr. Brownstone,Appetite for Destruction,Protected AAC audio file,Rock
1151,Paradise City,Appetite for Destruction,Protected AAC audio file,Rock
1152,My Michelle,Appetite for Destruction,Protected AAC audio file,Rock
1153,Think About You,Appetite for Destruction,Protected AAC audio file,Rock
1154,Sweet Child O' Mine,Appetite for Destruction,Protected AAC audio file,Rock
1155,You're Crazy,Appetite for Destruction,Protected AAC audio file,Rock
1156,Anything Goes,Appetite for Destruction,Protected AAC audio file,Rock
1157,Rocket Queen,Appetite for Destruction,Protected AAC audio file,Rock
1158,Right Next Door to Hell,Use Your Illusion I,Protected AAC audio file,Rock
1159,Dust N' Bones,Use Your Illusion I,Protected AAC audio file,Rock
1160,Live and Let Die,Use Your Illusion I,Protected AAC audio file,Rock
1161,Don't Cry (Original),Use Your Illusion I,Protected AAC audio file,Rock
1162,Perfect Crime,Use Your Illusion I,Protected AAC audio file,Rock
1163,You Ain't the First,Use Your Illusion I,Protected AAC audio file,Rock
1164,Bad Obsession,Use Your Illusion I,Protected AAC audio file,Rock
1165,Back off Bitch,Use Your Illusion I,Protected AAC audio file,Rock
1166,Double Talkin' Jive,Use Your Illusion I,Protected AAC audio file,Rock
1167,November Rain,Use Your Illusion I,Protected AAC audio file,Rock
1168,The Garden,Use Your Illusion I,Protected AAC audio file,Rock
1169,Garden of Eden,Use Your Illusion I,Protected AAC audio file,Rock
1170,Don't Damn Me,Use Your Illusion I,Protected AAC audio file,Rock
1171,Bad Apples,Use Your Illusion I,Protected AAC audio file,Rock
1172,Dead Horse,Use Your Illusion I,Protected AAC audio file,Rock
1173,Coma,Use Your Illusion I,Protected AAC audio file,Rock
1201,Different World,A Matter of Life and Death,Protected AAC audio file,Rock
1202,These Colours Don't Run,A Matter of Life and Death,Protected AAC audio file,Rock
1203,Brighter Than a Thousand Suns,A Matter of Life and Death,Protected AAC audio file,Rock
1204,The Pilgrim,A Matter of Life and Death,Protected AAC audio file,Rock
1205,The Longest Day,A Matter of Life and Death,Protected AAC audio file,Rock
1206,Out of the Shadows,A Matter of Life and Death,Protected AAC audio file,Rock
1207,The Reincarnation of Benjamin Breeg,A Matter of Life and Death,Protected AAC audio file,Rock
1208,For the Greater Good of God,A Matter of Life and Death,Protected AAC audio file,Rock
1209,Lord of Light,A Matter of Life and Death,Protected AAC audio file,Rock
1210,The Legacy,A Matter of Life and Death,Protected AAC audio file,Rock
1211,Hallowed Be Thy Name (Live) [Non Album Bonus Track],A Matter of Life and Death,Protected AAC audio file,Rock
1235,The Wicker Man,Brave New World,MPEG audio file,Rock
1236,Ghost Of The Navigator,Brave New World,MPEG audio file,Rock
1237,Brave New World,Brave New World,MPEG audio file,Rock
1238,Blood Brothers,Brave New World,MPEG audio file,Rock
1239,The Mercenary,Brave New World,MPEG audio file,Rock
1240,Dream Of Mirrors,Brave New World,MPEG audio file,Rock
1241,The Fallen Angel,Brave New World,MPEG audio file,Rock
1242,The Nomad,Brave New World,MPEG audio file,Rock
1243,Out Of The Silent Planet,Brave New World,MPEG audio file,Rock
1244,The Thin Line Between Love & Hate,Brave New World,MPEG audio file,Rock
1256,Be Quick Or Be Dead,Fear Of The Dark,MPEG audio file,Rock
1257,From Here To Eternity,Fear Of The Dark,MPEG audio file,Rock
1258,Afraid To Shoot Strangers,Fear Of The Dark,MPEG audio file,Rock
1259,Fear Is The Key,Fear Of The Dark,MPEG audio file,Rock
1260,Childhood's End,Fear Of The Dark,MPEG audio file,Rock
1261,Wasting Love,Fear Of The Dark,MPEG audio file,Rock
1262,The Fugitive,Fear Of The Dark,MPEG audio file,Rock
1263,Chains Of Misery,Fear Of The Dark,MPEG audio file,Rock
1264,The Apparition,Fear Of The Dark,MPEG audio file,Rock
1265,Judas Be My Guide,Fear Of The Dark,MPEG audio file,Rock
1266,Weekend Warrior,Fear Of The Dark,MPEG audio file,Rock
1267,Fear Of The Dark,Fear Of The Dark,MPEG audio file,Rock
1305,Be Quick Or Be Dead,Live At Donington 1992 (Disc 1),MPEG audio file,Rock
1306,The Number Of The Beast,Live At Donington 1992 (Disc 1),MPEG audio file,Rock
1307,Wrathchild,Live At Donington 1992 (Disc 1),MPEG audio file,Rock
1308,From Here To Eternity,Live At Donington 1992 (Disc 1),MPEG audio file,Rock
1309,Can I Play With Madness,Live At Donington 1992 (Disc 1),MPEG audio file,Rock
1310,Wasting Love,Live At Donington 1992 (Disc 1),MPEG audio file,Rock
1311,Tailgunner,Live At Donington 1992 (Disc 1),MPEG audio file,Rock
1312,The Evil That Men Do,Live At Donington 1992 (Disc 1),MPEG audio file,Rock
1313,Afraid To Shoot Strangers,Live At Donington 1992 (Disc 1),MPEG audio file,Rock
1314,Fear Of The Dark,Live At Donington 1992 (Disc 1),MPEG audio file,Rock
1315,Bring Your Daughter... To The Slaughter...,Live At Donington 1992 (Disc 2),MPEG audio file,Rock
1316,The Clairvoyant,Live At Donington 1992 (Disc 2),MPEG audio file,Rock
1317,Heaven Can Wait,Live At Donington 1992 (Disc 2),MPEG audio file,Rock
1318,Run To The Hills,Live At Donington 1992 (Disc 2),MPEG audio file,Rock
1319,2 Minutes To Midnight,Live At Donington 1992 (Disc 2),MPEG audio file,Rock
1320,Iron Maiden,Live At Donington 1992 (Disc 2),MPEG audio file,Rock
1321,Hallowed Be Thy Name,Live At Donington 1992 (Disc 2),MPEG audio file,Rock
1322,The Trooper,Live At Donington 1992 (Disc 2),MPEG audio file,Rock
1323,Sanctuary,Live At Donington 1992 (Disc 2),MPEG audio file,Rock
1324,Running Free,Live At Donington 1992 (Disc 2),MPEG audio file,Rock
1362,Dream Of Mirrors,Rock In Rio [CD2],MPEG audio file,Rock
1363,The Clansman,Rock In Rio [CD2],MPEG audio file,Rock
1365,Fear Of The Dark,Rock In Rio [CD2],MPEG audio file,Rock
1366,Iron Maiden,Rock In Rio [CD2],MPEG audio file,Rock
1367,The Number Of The Beast,Rock In Rio [CD2],MPEG audio file,Rock
1368,Hallowed Be Thy Name,Rock In Rio [CD2],MPEG audio file,Rock
1369,Sanctuary,Rock In Rio [CD2],MPEG audio file,Rock
1370,Run To The Hills,Rock In Rio [CD2],MPEG audio file,Rock
1393,The Number Of The Beast,The Number of The Beast,MPEG audio file,Rock
1395,Sign Of The Cross,The X Factor,MPEG audio file,Rock
1396,Lord Of The Flies,The X Factor,MPEG audio file,Rock
1397,Man On The Edge,The X Factor,MPEG audio file,Rock
1398,Fortunes Of War,The X Factor,MPEG audio file,Rock
1399,Look For The Truth,The X Factor,MPEG audio file,Rock
1400,The Aftermath,The X Factor,MPEG audio file,Rock
1401,Judgement Of Heaven,The X Factor,MPEG audio file,Rock
1402,Blood On The World's Hands,The X Factor,MPEG audio file,Rock
1403,The Edge Of Darkness,The X Factor,MPEG audio file,Rock
1404,2 A.M.,The X Factor,MPEG audio file,Rock
1405,The Unbeliever,The X Factor,MPEG audio file,Rock
1406,Futureal,Virtual XI,MPEG audio file,Rock
1407,The Angel And The Gambler,Virtual XI,MPEG audio file,Rock
1408,Lightning Strikes Twice,Virtual XI,MPEG audio file,Rock
1409,The Clansman,Virtual XI,MPEG audio file,Rock
1410,When Two Worlds Collide,Virtual XI,MPEG audio file,Rock
1411,The Educated Fool,Virtual XI,MPEG audio file,Rock
1412,Don't Look To The Eyes Of A Stranger,Virtual XI,MPEG audio file,Rock
1413,Como Estais Amigos,Virtual XI,MPEG audio file,Rock
1434,When You Gonna Learn (Digeridoo),Emergency On Planet Earth,MPEG audio file,Rock
1435,Too Young To Die,Emergency On Planet Earth,MPEG audio file,Rock
1436,Hooked Up,Emergency On Planet Earth,MPEG audio file,Rock
1437,"If I Like It, I Do It",Emergency On Planet Earth,MPEG audio file,Rock
1438,Music Of The Wind,Emergency On Planet Earth,MPEG audio file,Rock
1439,Emergency On Planet Earth,Emergency On Planet Earth,MPEG audio file,Rock
1440,"Whatever It Is, I Just Can't Stop",Emergency On Planet Earth,MPEG audio file,Rock
1441,Blow Your Mind,Emergency On Planet Earth,MPEG audio file,Rock
1442,Revolution 1993,Emergency On Planet Earth,MPEG audio file,Rock
1443,Didgin' Out,Emergency On Planet Earth,MPEG audio file,Rock
1479,Foxy Lady,Are You Experienced?,MPEG audio file,Rock
1480,Manic Depression,Are You Experienced?,MPEG audio file,Rock
1481,Red House,Are You Experienced?,MPEG audio file,Rock
1482,Can You See Me,Are You Experienced?,MPEG audio file,Rock
1483,Love Or Confusion,Are You Experienced?,MPEG audio file,Rock
1484,I Don't Live Today,Are You Experienced?,MPEG audio file,Rock
1485,May This Be Love,Are You Experienced?,MPEG audio file,Rock
1486,Fire,Are You Experienced?,MPEG audio file,Rock
1487,Third Stone From The Sun,Are You Experienced?,MPEG audio file,Rock
1488,Remember,Are You Experienced?,MPEG audio file,Rock
1489,Are You Experienced?,Are You Experienced?,MPEG audio file,Rock
1490,Hey Joe,Are You Experienced?,MPEG audio file,Rock
1491,Stone Free,Are You Experienced?,MPEG audio file,Rock
1492,Purple Haze,Are You Experienced?,MPEG audio file,Rock
1493,51st Anniversary,Are You Experienced?,MPEG audio file,Rock
1494,The Wind Cries Mary,Are You Experienced?,MPEG audio file,Rock
1495,Highway Chile,Are You Experienced?,MPEG audio file,Rock
1496,Surfing with the Alien,Surfing with the Alien (Remastered),Protected AAC audio file,Rock
1497,Ice 9,Surfing with the Alien (Remastered),Protected AAC audio file,Rock
1498,Crushing Day,Surfing with the Alien (Remastered),Protected AAC audio file,Rock
1499,"Always With Me, Always With You",Surfing with the Alien (Remastered),Protected AAC audio file,Rock
1500,Satch Boogie,Surfing with the Alien (Remastered),Protected AAC audio file,Rock
1501,Hill of the Skull,Surfing with the Alien (Remastered),Protected AAC audio file,Rock
1502,Circles,Surfing with the Alien (Remastered),Protected AAC audio file,Rock
1503,Lords of Karma,Surfing with the Alien (Remastered),Protected AAC audio file,Rock
1504,Midnight,Surfing with the Alien (Remastered),Protected AAC audio file,Rock
1505,Echo,Surfing with the Alien (Remastered),Protected AAC audio file,Rock
1562,Comin' Home,Unplugged [Live],MPEG audio file,Rock
1563,Plaster Caster,Unplugged [Live],MPEG audio file,Rock
1564,Goin' Blind,Unplugged [Live],MPEG audio file,Rock
1565,Do You Love Me,Unplugged [Live],MPEG audio file,Rock
1566,Domino,Unplugged [Live],MPEG audio file,Rock
1567,Sure Know Something,Unplugged [Live],MPEG audio file,Rock
1568,A World Without Heroes,Unplugged [Live],MPEG audio file,Rock
1569,Rock Bottom,Unplugged [Live],MPEG audio file,Rock
1570,See You Tonight,Unplugged [Live],MPEG audio file,Rock
1571,I Still Love You,Unplugged [Live],MPEG audio file,Rock
1572,Every Time I Look At You,Unplugged [Live],MPEG audio file,Rock
1573,"2,000 Man",Unplugged [Live],MPEG audio file,Rock
1574,Beth,Unplugged [Live],MPEG audio file,Rock
1575,Nothin' To Lose,Unplugged [Live],MPEG audio file,Rock
1576,Rock And Roll All Nite,Unplugged [Live],MPEG audio file,Rock
1577,Immigrant Song,BBC Sessions [Disc 2] [Live],MPEG audio file,Rock
1578,Heartbreaker,BBC Sessions [Disc 2] [Live],MPEG audio file,Rock
1579,Since I've Been Loving You,BBC Sessions [Disc 2] [Live],MPEG audio file,Rock
1580,Black Dog,BBC Sessions [Disc 2] [Live],MPEG audio file,Rock
1581,Dazed And Confused,BBC Sessions [Disc 2] [Live],MPEG audio file,Rock
1582,Stairway To Heaven,BBC Sessions [Disc 2] [Live],MPEG audio file,Rock
1583,Going To California,BBC Sessions [Disc 2] [Live],MPEG audio file,Rock
1584,That's The Way,BBC Sessions [Disc 2] [Live],MPEG audio file,Rock
1585,Whole Lotta Love (Medley),BBC Sessions [Disc 2] [Live],MPEG audio file,Rock
1586,Thank You,BBC Sessions [Disc 2] [Live],MPEG audio file,Rock
1587,We're Gonna Groove,Coda,MPEG audio file,Rock
1588,Poor Tom,Coda,MPEG audio file,Rock
1589,I Can't Quit You Baby,Coda,MPEG audio file,Rock
1590,Walter's Walk,Coda,MPEG audio file,Rock
1591,Ozone Baby,Coda,MPEG audio file,Rock
1592,Darlene,Coda,MPEG audio file,Rock
1593,Bonzo's Montreux,Coda,MPEG audio file,Rock
1594,Wearing And Tearing,Coda,MPEG audio file,Rock
1595,The Song Remains The Same,Houses Of The Holy,MPEG audio file,Rock
1596,The Rain Song,Houses Of The Holy,MPEG audio file,Rock
1597,Over The Hills And Far Away,Houses Of The Holy,MPEG audio file,Rock
1598,The Crunge,Houses Of The Holy,MPEG audio file,Rock
1599,Dancing Days,Houses Of The Holy,MPEG audio file,Rock
1600,D'Yer Mak'er,Houses Of The Holy,MPEG audio file,Rock
1601,No Quarter,Houses Of The Holy,MPEG audio file,Rock
1602,The Ocean,Houses Of The Holy,MPEG audio file,Rock
1603,In The Evening,In Through The Out Door,MPEG audio file,Rock
1604,South Bound Saurez,In Through The Out Door,MPEG audio file,Rock
1605,Fool In The Rain,In Through The Out Door,MPEG audio file,Rock
1606,Hot Dog,In Through The Out Door,MPEG audio file,Rock
1607,Carouselambra,In Through The Out Door,MPEG audio file,Rock
1608,All My Love,In Through The Out Door,MPEG audio file,Rock
1609,I'm Gonna Crawl,In Through The Out Door,MPEG audio file,Rock
1610,Black Dog,IV,MPEG audio file,Rock
1611,Rock & Roll,IV,MPEG audio file,Rock
1612,The Battle Of Evermore,IV,MPEG audio file,Rock
1613,Stairway To Heaven,IV,MPEG audio file,Rock
1614,Misty Mountain Hop,IV,MPEG audio file,Rock
1615,Four Sticks,IV,MPEG audio file,Rock
1616,Going To California,IV,MPEG audio file,Rock
1617,When The Levee Breaks,IV,MPEG audio file,Rock
1618,Good Times Bad Times,Led Zeppelin I,MPEG audio file,Rock
1619,Babe I'm Gonna Leave You,Led Zeppelin I,MPEG audio file,Rock
1620,You Shook Me,Led Zeppelin I,MPEG audio file,Rock
1621,Dazed and Confused,Led Zeppelin I,MPEG audio file,Rock
1622,Your Time Is Gonna Come,Led Zeppelin I,MPEG audio file,Rock
1623,Black Mountain Side,Led Zeppelin I,MPEG audio file,Rock
1624,Communication Breakdown,Led Zeppelin I,MPEG audio file,Rock
1625,I Can't Quit You Baby,Led Zeppelin I,MPEG audio file,Rock
1626,How Many More Times,Led Zeppelin I,MPEG audio file,Rock
1627,Whole Lotta Love,Led Zeppelin II,MPEG audio file,Rock
1628,What Is And What Should Never Be,Led Zeppelin II,MPEG audio file,Rock
1629,The Lemon Song,Led Zeppelin II,MPEG audio file,Rock
1630,Thank You,Led Zeppelin II,MPEG audio file,Rock
1631,Heartbreaker,Led Zeppelin II,MPEG audio file,Rock
1632,Living Loving Maid (She's Just A Woman),Led Zeppelin II,MPEG audio file,Rock
1633,Ramble On,Led Zeppelin II,MPEG audio file,Rock
1634,Moby Dick,Led Zeppelin II,MPEG audio file,Rock
1635,Bring It On Home,Led Zeppelin II,MPEG audio file,Rock
1636,Immigrant Song,Led Zeppelin III,MPEG audio file,Rock
1637,Friends,Led Zeppelin III,MPEG audio file,Rock
1638,Celebration Day,Led Zeppelin III,MPEG audio file,Rock
1639,Since I've Been Loving You,Led Zeppelin III,MPEG audio file,Rock
1640,Out On The Tiles,Led Zeppelin III,MPEG audio file,Rock
1641,Gallows Pole,Led Zeppelin III,MPEG audio file,Rock
1642,Tangerine,Led Zeppelin III,MPEG audio file,Rock
1643,That's The Way,Led Zeppelin III,MPEG audio file,Rock
1644,Bron-Y-Aur Stomp,Led Zeppelin III,MPEG audio file,Rock
1645,Hats Off To (Roy) Harper,Led Zeppelin III,MPEG audio file,Rock
1646,In The Light,Physical Graffiti [Disc 2],MPEG audio file,Rock
1647,Bron-Yr-Aur,Physical Graffiti [Disc 2],MPEG audio file,Rock
1648,Down By The Seaside,Physical Graffiti [Disc 2],MPEG audio file,Rock
1649,Ten Years Gone,Physical Graffiti [Disc 2],MPEG audio file,Rock
1650,Night Flight,Physical Graffiti [Disc 2],MPEG audio file,Rock
1651,The Wanton Song,Physical Graffiti [Disc 2],MPEG audio file,Rock
1652,Boogie With Stu,Physical Graffiti [Disc 2],MPEG audio file,Rock
1653,Black Country Woman,Physical Graffiti [Disc 2],MPEG audio file,Rock
1654,Sick Again,Physical Graffiti [Disc 2],MPEG audio file,Rock
1655,Achilles Last Stand,Presence,MPEG audio file,Rock
1656,For Your Life,Presence,MPEG audio file,Rock
1657,Royal Orleans,Presence,MPEG audio file,Rock
1658,Nobody's Fault But Mine,Presence,MPEG audio file,Rock
1659,Candy Store Rock,Presence,MPEG audio file,Rock
1660,Hots On For Nowhere,Presence,MPEG audio file,Rock
1661,Tea For One,Presence,MPEG audio file,Rock
1662,Rock & Roll,The Song Remains The Same (Disc 1),MPEG audio file,Rock
1663,Celebration Day,The Song Remains The Same (Disc 1),MPEG audio file,Rock
1664,The Song Remains The Same,The Song Remains The Same (Disc 1),MPEG audio file,Rock
1665,Rain Song,The Song Remains The Same (Disc 1),MPEG audio file,Rock
1666,Dazed And Confused,The Song Remains The Same (Disc 1),MPEG audio file,Rock
1667,No Quarter,The Song Remains The Same (Disc 2),MPEG audio file,Rock
1668,Stairway To Heaven,The Song Remains The Same (Disc 2),MPEG audio file,Rock
1669,Moby Dick,The Song Remains The Same (Disc 2),MPEG audio file,Rock
1670,Whole Lotta Love,The Song Remains The Same (Disc 2),MPEG audio file,Rock
1702,Are You Gonna Go My Way,Greatest Hits,MPEG audio file,Rock
1703,Fly Away,Greatest Hits,MPEG audio file,Rock
1704,Rock And Roll Is Dead,Greatest Hits,MPEG audio file,Rock
1705,Again,Greatest Hits,MPEG audio file,Rock
1706,It Ain't Over 'Til It's Over,Greatest Hits,MPEG audio file,Rock
1707,Can't Get You Off My Mind,Greatest Hits,MPEG audio file,Rock
1708,Mr. Cab Driver,Greatest Hits,MPEG audio file,Rock
1709,American Woman,Greatest Hits,MPEG audio file,Rock
1710,Stand By My Woman,Greatest Hits,MPEG audio file,Rock
1711,Always On The Run,Greatest Hits,MPEG audio file,Rock
1712,Heaven Help,Greatest Hits,MPEG audio file,Rock
1713,I Belong To You,Greatest Hits,MPEG audio file,Rock
1714,Believe,Greatest Hits,MPEG audio file,Rock
1715,Let Love Rule,Greatest Hits,MPEG audio file,Rock
1716,Black Velveteen,Greatest Hits,MPEG audio file,Rock
1745,Pseudo Silk Kimono,Misplaced Childhood,MPEG audio file,Rock
1746,Kayleigh,Misplaced Childhood,MPEG audio file,Rock
1747,Lavender,Misplaced Childhood,MPEG audio file,Rock
1748,Bitter Suite: Brief Encounter / Lost Weekend / Blue Angel,Misplaced Childhood,MPEG audio file,Rock
1749,Heart Of Lothian: Wide Boy / Curtain Call,Misplaced Childhood,MPEG audio file,Rock
1750,Waterhole (Expresso Bongo),Misplaced Childhood,MPEG audio file,Rock
1751,Lords Of The Backstage,Misplaced Childhood,MPEG audio file,Rock
1752,Blind Curve: Vocal Under A Bloodlight / Passing Strangers / Mylo / Perimeter Walk / Threshold,Misplaced Childhood,MPEG audio file,Rock
1753,Childhoods End?,Misplaced Childhood,MPEG audio file,Rock
1754,White Feather,Misplaced Childhood,MPEG audio file,Rock
1791,Down Under,The Best Of Men At Work,MPEG audio file,Rock
1792,Overkill,The Best Of Men At Work,MPEG audio file,Rock
1793,Be Good Johnny,The Best Of Men At Work,MPEG audio file,Rock
1794,Everything I Need,The Best Of Men At Work,MPEG audio file,Rock
1795,Down by the Sea,The Best Of Men At Work,MPEG audio file,Rock
1796,Who Can It Be Now?,The Best Of Men At Work,MPEG audio file,Rock
1797,It's a Mistake,The Best Of Men At Work,MPEG audio file,Rock
1798,Dr. Heckyll & Mr. Jive,The Best Of Men At Work,MPEG audio file,Rock
1799,Shakes and Ladders,The Best Of Men At Work,MPEG audio file,Rock
1800,No Sign of Yesterday,The Best Of Men At Work,MPEG audio file,Rock
1986,Intro,From The Muddy Banks Of The Wishkah [Live],MPEG audio file,Rock
1987,School,From The Muddy Banks Of The Wishkah [Live],MPEG audio file,Rock
1988,Drain You,From The Muddy Banks Of The Wishkah [Live],MPEG audio file,Rock
1989,Aneurysm,From The Muddy Banks Of The Wishkah [Live],MPEG audio file,Rock
1990,Smells Like Teen Spirit,From The Muddy Banks Of The Wishkah [Live],MPEG audio file,Rock
1991,Been A Son,From The Muddy Banks Of The Wishkah [Live],MPEG audio file,Rock
1992,Lithium,From The Muddy Banks Of The Wishkah [Live],MPEG audio file,Rock
1993,Sliver,From The Muddy Banks Of The Wishkah [Live],MPEG audio file,Rock
1994,Spank Thru,From The Muddy Banks Of The Wishkah [Live],MPEG audio file,Rock
1995,Scentless Apprentice,From The Muddy Banks Of The Wishkah [Live],MPEG audio file,Rock
1996,Heart-Shaped Box,From The Muddy Banks Of The Wishkah [Live],MPEG audio file,Rock
1997,Milk It,From The Muddy Banks Of The Wishkah [Live],MPEG audio file,Rock
1998,Negative Creep,From The Muddy Banks Of The Wishkah [Live],MPEG audio file,Rock
1999,Polly,From The Muddy Banks Of The Wishkah [Live],MPEG audio file,Rock
2000,Breed,From The Muddy Banks Of The Wishkah [Live],MPEG audio file,Rock
2001,Tourette's,From The Muddy Banks Of The Wishkah [Live],MPEG audio file,Rock
2002,Blew,From The Muddy Banks Of The Wishkah [Live],MPEG audio file,Rock
2003,Smells Like Teen Spirit,Nevermind,MPEG audio file,Rock
2004,In Bloom,Nevermind,MPEG audio file,Rock
2005,Come As You Are,Nevermind,MPEG audio file,Rock
2006,Breed,Nevermind,MPEG audio file,Rock
2007,Lithium,Nevermind,MPEG audio file,Rock
2008,Polly,Nevermind,MPEG audio file,Rock
2009,Territorial Pissings,Nevermind,MPEG audio file,Rock
2010,Drain You,Nevermind,MPEG audio file,Rock
2011,Lounge Act,Nevermind,MPEG audio file,Rock
2012,Stay Away,Nevermind,MPEG audio file,Rock
2013,On A Plain,Nevermind,MPEG audio file,Rock
2014,Something In The Way,Nevermind,MPEG audio file,Rock
2015,Time,Compositores,MPEG audio file,Rock
2016,P.S.Apareça,Compositores,MPEG audio file,Rock
2017,Sangue Latino,Compositores,MPEG audio file,Rock
2018,Folhas Secas,Compositores,MPEG audio file,Rock
2019,Poeira,Compositores,MPEG audio file,Rock
2020,Mágica,Compositores,MPEG audio file,Rock
2021,Quem Mata A Mulher Mata O Melhor,Compositores,MPEG audio file,Rock
2022,Mundaréu,Compositores,MPEG audio file,Rock
2023,O Braço Da Minha Guitarra,Compositores,MPEG audio file,Rock
2024,Deus,Compositores,MPEG audio file,Rock
2025,Mãe Terra,Compositores,MPEG audio file,Rock
2026,Às Vezes,Compositores,MPEG audio file,Rock
2027,Menino De Rua,Compositores,MPEG audio file,Rock
2028,Prazer E Fé,Compositores,MPEG audio file,Rock
2029,Elza,Compositores,MPEG audio file,Rock
2093,Bark at the Moon,Bark at the Moon (Remastered),Protected AAC audio file,Rock
2094,I Don't Know,Blizzard of Ozz,Protected AAC audio file,Rock
2095,Crazy Train,Blizzard of Ozz,Protected AAC audio file,Rock
2096,Flying High Again,Diary of a Madman (Remastered),Protected AAC audio file,Rock
2097,"Mama, I'm Coming Home",No More Tears (Remastered),Protected AAC audio file,Rock
2098,No More Tears,No More Tears (Remastered),Protected AAC audio file,Rock
2113,Shining In The Light,Walking Into Clarksdale,MPEG audio file,Rock
2114,When The World Was Young,Walking Into Clarksdale,MPEG audio file,Rock
2115,Upon A Golden Horse,Walking Into Clarksdale,MPEG audio file,Rock
2116,Blue Train,Walking Into Clarksdale,MPEG audio file,Rock
2117,Please Read The Letter,Walking Into Clarksdale,MPEG audio file,Rock
2118,Most High,Walking Into Clarksdale,MPEG audio file,Rock
2119,Heart In Your Hand,Walking Into Clarksdale,MPEG audio file,Rock
2120,Walking Into Clarksdale,Walking Into Clarksdale,MPEG audio file,Rock
2121,Burning Up,Walking Into Clarksdale,MPEG audio file,Rock
2122,When I Was A Child,Walking Into Clarksdale,MPEG audio file,Rock
2123,House Of Love,Walking Into Clarksdale,MPEG audio file,Rock
2124,Sons Of Freedom,Walking Into Clarksdale,MPEG audio file,Rock
2139,Wrathchild,The Beast Live,MPEG audio file,Rock
2140,Killers,The Beast Live,MPEG audio file,Rock
2141,Prowler,The Beast Live,MPEG audio file,Rock
2142,Murders In The Rue Morgue,The Beast Live,MPEG audio file,Rock
2143,Women In Uniform,The Beast Live,MPEG audio file,Rock
2144,Remember Tomorrow,The Beast Live,MPEG audio file,Rock
2145,Sanctuary,The Beast Live,MPEG audio file,Rock
2146,Running Free,The Beast Live,MPEG audio file,Rock
2147,Phantom Of The Opera,The Beast Live,MPEG audio file,Rock
2148,Iron Maiden,The Beast Live,MPEG audio file,Rock
2149,Corduroy,Live On Two Legs [Live],MPEG audio file,Rock
2150,Given To Fly,Live On Two Legs [Live],MPEG audio file,Rock
2151,"Hail, Hail",Live On Two Legs [Live],MPEG audio file,Rock
2152,Daughter,Live On Two Legs [Live],MPEG audio file,Rock
2153,Elderly Woman Behind The Counter In A Small Town,Live On Two Legs [Live],MPEG audio file,Rock
2154,Untitled,Live On Two Legs [Live],MPEG audio file,Rock
2155,MFC,Live On Two Legs [Live],MPEG audio file,Rock
2156,Go,Live On Two Legs [Live],MPEG audio file,Rock
2157,Red Mosquito,Live On Two Legs [Live],MPEG audio file,Rock
2158,Even Flow,Live On Two Legs [Live],MPEG audio file,Rock
2159,Off He Goes,Live On Two Legs [Live],MPEG audio file,Rock
2160,Nothingman,Live On Two Legs [Live],MPEG audio file,Rock
2161,Do The Evolution,Live On Two Legs [Live],MPEG audio file,Rock
2162,Better Man,Live On Two Legs [Live],MPEG audio file,Rock
2163,Black,Live On Two Legs [Live],MPEG audio file,Rock
2164,F*Ckin' Up,Live On Two Legs [Live],MPEG audio file,Rock
2178,Can't Keep,Riot Act,MPEG audio file,Rock
2179,Save You,Riot Act,MPEG audio file,Rock
2180,Love Boat Captain,Riot Act,MPEG audio file,Rock
2181,Cropduster,Riot Act,MPEG audio file,Rock
2182,Ghost,Riot Act,MPEG audio file,Rock
2183,I Am Mine,Riot Act,MPEG audio file,Rock
2184,Thumbing My Way,Riot Act,MPEG audio file,Rock
2185,You Are,Riot Act,MPEG audio file,Rock
2186,Get Right,Riot Act,MPEG audio file,Rock
2187,Green Disease,Riot Act,MPEG audio file,Rock
2188,Help Help,Riot Act,MPEG audio file,Rock
2189,Bushleager,Riot Act,MPEG audio file,Rock
2190,1/2 Full,Riot Act,MPEG audio file,Rock
2191,Arc,Riot Act,MPEG audio file,Rock
2192,All or None,Riot Act,MPEG audio file,Rock
2193,Once,Ten,MPEG audio file,Rock
2194,Evenflow,Ten,MPEG audio file,Rock
2195,Alive,Ten,MPEG audio file,Rock
2196,Why Go,Ten,MPEG audio file,Rock
2197,Black,Ten,MPEG audio file,Rock
2198,Jeremy,Ten,MPEG audio file,Rock
2199,Oceans,Ten,MPEG audio file,Rock
2200,Porch,Ten,MPEG audio file,Rock
2201,Garden,Ten,MPEG audio file,Rock
2202,Deep,Ten,MPEG audio file,Rock
2203,Release,Ten,MPEG audio file,Rock
2204,Go,Vs.,MPEG audio file,Rock
2205,Animal,Vs.,MPEG audio file,Rock
2206,Daughter,Vs.,MPEG audio file,Rock
2207,Glorified G,Vs.,MPEG audio file,Rock
2208,Dissident,Vs.,MPEG audio file,Rock
2209,W.M.A.,Vs.,MPEG audio file,Rock
2210,Blood,Vs.,MPEG audio file,Rock
2211,Rearviewmirror,Vs.,MPEG audio file,Rock
2212,Rats,Vs.,MPEG audio file,Rock
2213,Elderly Woman Behind The Counter In A Small Town,Vs.,MPEG audio file,Rock
2214,Leash,Vs.,MPEG audio file,Rock
2215,Indifference,Vs.,MPEG audio file,Rock
2229,Speak To Me/Breathe,Dark Side Of The Moon,MPEG audio file,Rock
2230,On The Run,Dark Side Of The Moon,MPEG audio file,Rock
2231,Time,Dark Side Of The Moon,MPEG audio file,Rock
2232,The Great Gig In The Sky,Dark Side Of The Moon,MPEG audio file,Rock
2233,Money,Dark Side Of The Moon,MPEG audio file,Rock
2234,Us And Them,Dark Side Of The Moon,MPEG audio file,Rock
2235,Any Colour You Like,Dark Side Of The Moon,MPEG audio file,Rock
2236,Brain Damage,Dark Side Of The Moon,MPEG audio file,Rock
2237,Eclipse,Dark Side Of The Moon,MPEG audio file,Rock
2254,Bohemian Rhapsody,Greatest Hits I,MPEG audio file,Rock
2255,Another One Bites The Dust,Greatest Hits I,MPEG audio file,Rock
2256,Killer Queen,Greatest Hits I,MPEG audio file,Rock
2257,Fat Bottomed Girls,Greatest Hits I,MPEG audio file,Rock
2258,Bicycle Race,Greatest Hits I,MPEG audio file,Rock
2259,You're My Best Friend,Greatest Hits I,MPEG audio file,Rock
2260,Don't Stop Me Now,Greatest Hits I,MPEG audio file,Rock
2261,Save Me,Greatest Hits I,MPEG audio file,Rock
2262,Crazy Little Thing Called Love,Greatest Hits I,MPEG audio file,Rock
2263,Somebody To Love,Greatest Hits I,MPEG audio file,Rock
2264,Now I'm Here,Greatest Hits I,MPEG audio file,Rock
2265,Good Old-Fashioned Lover Boy,Greatest Hits I,MPEG audio file,Rock
2266,Play The Game,Greatest Hits I,MPEG audio file,Rock
2267,Flash,Greatest Hits I,MPEG audio file,Rock
2268,Seven Seas Of Rhye,Greatest Hits I,MPEG audio file,Rock
2269,We Will Rock You,Greatest Hits I,MPEG audio file,Rock
2270,We Are The Champions,Greatest Hits I,MPEG audio file,Rock
2271,We Will Rock You,News Of The World,MPEG audio file,Rock
2272,We Are The Champions,News Of The World,MPEG audio file,Rock
2273,Sheer Heart Attack,News Of The World,MPEG audio file,Rock
2274,"All Dead, All Dead",News Of The World,MPEG audio file,Rock
2275,Spread Your Wings,News Of The World,MPEG audio file,Rock
2276,Fight From The Inside,News Of The World,MPEG audio file,Rock
2277,"Get Down, Make Love",News Of The World,MPEG audio file,Rock
2278,Sleep On The Sidewalk,News Of The World,MPEG audio file,Rock
2279,Who Needs You,News Of The World,MPEG audio file,Rock
2280,It's Late,News Of The World,MPEG audio file,Rock
2281,My Melancholy Blues,News Of The World,MPEG audio file,Rock
2296,How The West Was Won And Where It Got Us,New Adventures In Hi-Fi,MPEG audio file,Rock
2297,The Wake-Up Bomb,New Adventures In Hi-Fi,MPEG audio file,Rock
2298,New Test Leper,New Adventures In Hi-Fi,MPEG audio file,Rock
2299,Undertow,New Adventures In Hi-Fi,MPEG audio file,Rock
2300,E-Bow The Letter,New Adventures In Hi-Fi,MPEG audio file,Rock
2301,Leave,New Adventures In Hi-Fi,MPEG audio file,Rock
2302,Departure,New Adventures In Hi-Fi,MPEG audio file,Rock
2303,Bittersweet Me,New Adventures In Hi-Fi,MPEG audio file,Rock
2304,Be Mine,New Adventures In Hi-Fi,MPEG audio file,Rock
2305,Binky The Doormat,New Adventures In Hi-Fi,MPEG audio file,Rock
2306,Zither,New Adventures In Hi-Fi,MPEG audio file,Rock
2307,"So Fast, So Numb",New Adventures In Hi-Fi,MPEG audio file,Rock
2308,Low Desert,New Adventures In Hi-Fi,MPEG audio file,Rock
2309,Electrolite,New Adventures In Hi-Fi,MPEG audio file,Rock
2344,Maluco Beleza,Raul Seixas,MPEG audio file,Rock
2345,O Dia Em Que A Terra Parou,Raul Seixas,MPEG audio file,Rock
2346,No Fundo Do Quintal Da Escola,Raul Seixas,MPEG audio file,Rock
2347,O Segredo Do Universo,Raul Seixas,MPEG audio file,Rock
2348,As Profecias,Raul Seixas,MPEG audio file,Rock
2349,Mata Virgem,Raul Seixas,MPEG audio file,Rock
2350,Sapato 36,Raul Seixas,MPEG audio file,Rock
2351,Todo Mundo Explica,Raul Seixas,MPEG audio file,Rock
2352,Que Luz É Essa,Raul Seixas,MPEG audio file,Rock
2353,Diamante De Mendigo,Raul Seixas,MPEG audio file,Rock
2354,Negócio É,Raul Seixas,MPEG audio file,Rock
2355,"Muita Estrela, Pouca Constelação",Raul Seixas,MPEG audio file,Rock
2356,Século XXI,Raul Seixas,MPEG audio file,Rock
2357,Rock Das Aranhas (Ao Vivo) (Live),Raul Seixas,MPEG audio file,Rock
2375,By The Way,By The Way,MPEG audio file,Rock
2376,Universally Speaking,By The Way,MPEG audio file,Rock
2377,This Is The Place,By The Way,MPEG audio file,Rock
2378,Dosed,By The Way,MPEG audio file,Rock
2379,Don't Forget Me,By The Way,MPEG audio file,Rock
2380,The Zephyr Song,By The Way,MPEG audio file,Rock
2381,Can't Stop,By The Way,MPEG audio file,Rock
2382,I Could Die For You,By The Way,MPEG audio file,Rock
2383,Midnight,By The Way,MPEG audio file,Rock
2384,Throw Away Your Television,By The Way,MPEG audio file,Rock
2385,Cabron,By The Way,MPEG audio file,Rock
2386,Tear,By The Way,MPEG audio file,Rock
2387,On Mercury,By The Way,MPEG audio file,Rock
2388,Minor Thing,By The Way,MPEG audio file,Rock
2389,Warm Tape,By The Way,MPEG audio file,Rock
2390,Venice Queen,By The Way,MPEG audio file,Rock
2391,Around The World,Californication,MPEG audio file,Rock
2392,Parallel Universe,Californication,MPEG audio file,Rock
2393,Scar Tissue,Californication,MPEG audio file,Rock
2394,Otherside,Californication,MPEG audio file,Rock
2395,Get On Top,Californication,MPEG audio file,Rock
2396,Californication,Californication,MPEG audio file,Rock
2397,Easily,Californication,MPEG audio file,Rock
2398,Porcelain,Californication,MPEG audio file,Rock
2399,Emit Remmus,Californication,MPEG audio file,Rock
2400,I Like Dirt,Californication,MPEG audio file,Rock
2401,This Velvet Glove,Californication,MPEG audio file,Rock
2402,Savior,Californication,MPEG audio file,Rock
2403,Purple Stain,Californication,MPEG audio file,Rock
2404,Right On Time,Californication,MPEG audio file,Rock
2405,Road Trippin',Californication,MPEG audio file,Rock
2406,The Spirit Of Radio,Retrospective I (1974-1980),MPEG audio file,Rock
2407,The Trees,Retrospective I (1974-1980),MPEG audio file,Rock
2408,Something For Nothing,Retrospective I (1974-1980),MPEG audio file,Rock
2409,Freewill,Retrospective I (1974-1980),MPEG audio file,Rock
2410,Xanadu,Retrospective I (1974-1980),MPEG audio file,Rock
2411,Bastille Day,Retrospective I (1974-1980),MPEG audio file,Rock
2412,By-Tor And The Snow Dog,Retrospective I (1974-1980),MPEG audio file,Rock
2413,Anthem,Retrospective I (1974-1980),MPEG audio file,Rock
2414,Closer To The Heart,Retrospective I (1974-1980),MPEG audio file,Rock
2415,2112 Overture,Retrospective I (1974-1980),MPEG audio file,Rock
2416,The Temples Of Syrinx,Retrospective I (1974-1980),MPEG audio file,Rock
2417,La Villa Strangiato,Retrospective I (1974-1980),MPEG audio file,Rock
2418,Fly By Night,Retrospective I (1974-1980),MPEG audio file,Rock
2419,Finding My Way,Retrospective I (1974-1980),MPEG audio file,Rock
2420,Jingo,Santana - As Years Go By,MPEG audio file,Rock
2421,El Corazon Manda,Santana - As Years Go By,MPEG audio file,Rock
2422,La Puesta Del Sol,Santana - As Years Go By,MPEG audio file,Rock
2423,Persuasion,Santana - As Years Go By,MPEG audio file,Rock
2424,As The Years Go by,Santana - As Years Go By,MPEG audio file,Rock
2425,Soul Sacrifice,Santana - As Years Go By,MPEG audio file,Rock
2426,Fried Neckbones And Home Fries,Santana - As Years Go By,MPEG audio file,Rock
2427,Santana Jam,Santana - As Years Go By,MPEG audio file,Rock
2428,Evil Ways,Santana Live,MPEG audio file,Rock
2429,We've Got To Get Together/Jingo,Santana Live,MPEG audio file,Rock
2430,Rock Me,Santana Live,MPEG audio file,Rock
2431,Just Ain't Good Enough,Santana Live,MPEG audio file,Rock
2432,Funky Piano,Santana Live,MPEG audio file,Rock
2433,The Way You Do To Mer,Santana Live,MPEG audio file,Rock
2434,Holding Back The Years,Greatest Hits,MPEG audio file,Rock
2435,Money's Too Tight To Mention,Greatest Hits,MPEG audio file,Rock
2436,The Right Thing,Greatest Hits,MPEG audio file,Rock
2437,It's Only Love,Greatest Hits,MPEG audio file,Rock
2438,A New Flame,Greatest Hits,MPEG audio file,Rock
2439,You've Got It,Greatest Hits,MPEG audio file,Rock
2440,If You Don't Know Me By Now,Greatest Hits,MPEG audio file,Rock
2441,Stars,Greatest Hits,MPEG audio file,Rock
2442,Something Got Me Started,Greatest Hits,MPEG audio file,Rock
2443,Thrill Me,Greatest Hits,MPEG audio file,Rock
2444,Your Mirror,Greatest Hits,MPEG audio file,Rock
2445,For Your Babies,Greatest Hits,MPEG audio file,Rock
2446,So Beautiful,Greatest Hits,MPEG audio file,Rock
2447,Angel,Greatest Hits,MPEG audio file,Rock
2448,Fairground,Greatest Hits,MPEG audio file,Rock
2449,Água E Fogo,Maquinarama,MPEG audio file,Rock
2450,Três Lados,Maquinarama,MPEG audio file,Rock
2451,Ela Desapareceu,Maquinarama,MPEG audio file,Rock
2452,Balada Do Amor Inabalável,Maquinarama,MPEG audio file,Rock
2453,Canção Noturna,Maquinarama,MPEG audio file,Rock
2454,Muçulmano,Maquinarama,MPEG audio file,Rock
2455,Maquinarama,Maquinarama,MPEG audio file,Rock
2456,Rebelião,Maquinarama,MPEG audio file,Rock
2457,A Última Guerra,Maquinarama,MPEG audio file,Rock
2458,Fica,Maquinarama,MPEG audio file,Rock
2459,Ali,Maquinarama,MPEG audio file,Rock
2460,Preto Damião,Maquinarama,MPEG audio file,Rock
2461,É Uma Partida De Futebol,O Samba Poconé,MPEG audio file,Rock
2462,Eu Disse A Ela,O Samba Poconé,MPEG audio file,Rock
2463,Zé Trindade,O Samba Poconé,MPEG audio file,Rock
2464,Garota Nacional,O Samba Poconé,MPEG audio file,Rock
2465,Tão Seu,O Samba Poconé,MPEG audio file,Rock
2466,Sem Terra,O Samba Poconé,MPEG audio file,Rock
2467,Os Exilados,O Samba Poconé,MPEG audio file,Rock
2468,Um Dia Qualquer,O Samba Poconé,MPEG audio file,Rock
2469,Los Pretos,O Samba Poconé,MPEG audio file,Rock
2470,Sul Da América,O Samba Poconé,MPEG audio file,Rock
2471,Poconé,O Samba Poconé,MPEG audio file,Rock
2506,Nothing To Say,A-Sides,MPEG audio file,Rock
2507,Flower,A-Sides,MPEG audio file,Rock
2508,Loud Love,A-Sides,MPEG audio file,Rock
2509,Hands All Over,A-Sides,MPEG audio file,Rock
2510,Get On The Snake,A-Sides,MPEG audio file,Rock
2511,Jesus Christ Pose,A-Sides,MPEG audio file,Rock
2512,Outshined,A-Sides,MPEG audio file,Rock
2513,Rusty Cage,A-Sides,MPEG audio file,Rock
2514,Spoonman,A-Sides,MPEG audio file,Rock
2515,The Day I Tried To Live,A-Sides,MPEG audio file,Rock
2516,Black Hole Sun,A-Sides,MPEG audio file,Rock
2517,Fell On Black Days,A-Sides,MPEG audio file,Rock
2518,Pretty Noose,A-Sides,MPEG audio file,Rock
2519,Burden In My Hand,A-Sides,MPEG audio file,Rock
2520,Blow Up The Outside World,A-Sides,MPEG audio file,Rock
2521,Ty Cobb,A-Sides,MPEG audio file,Rock
2522,Bleed Together,A-Sides,MPEG audio file,Rock
2542,Dead And Bloated,Core,MPEG audio file,Rock
2543,Sex Type Thing,Core,MPEG audio file,Rock
2544,Wicked Garden,Core,MPEG audio file,Rock
2545,No Memory,Core,MPEG audio file,Rock
2546,Sin,Core,MPEG audio file,Rock
2547,Naked Sunday,Core,MPEG audio file,Rock
2548,Creep,Core,MPEG audio file,Rock
2549,Piece Of Pie,Core,MPEG audio file,Rock
2550,Plush,Core,MPEG audio file,Rock
2551,Wet My Bed,Core,MPEG audio file,Rock
2552,Crackerman,Core,MPEG audio file,Rock
2553,Where The River Goes,Core,MPEG audio file,Rock
2565,The Sun Road,[1997] Black Light Syndrome,MPEG audio file,Rock
2566,Dark Corners,[1997] Black Light Syndrome,MPEG audio file,Rock
2567,Duende,[1997] Black Light Syndrome,MPEG audio file,Rock
2568,Black Light Syndrome,[1997] Black Light Syndrome,MPEG audio file,Rock
2569,Falling in Circles,[1997] Black Light Syndrome,MPEG audio file,Rock
2570,Book of Hours,[1997] Black Light Syndrome,MPEG audio file,Rock
2571,Chaos-Control,[1997] Black Light Syndrome,MPEG audio file,Rock
2609,War (The Process),Beyond Good And Evil,MPEG audio file,Rock
2610,The Saint,Beyond Good And Evil,MPEG audio file,Rock
2611,Rise,Beyond Good And Evil,MPEG audio file,Rock
2612,Take The Power,Beyond Good And Evil,MPEG audio file,Rock
2613,Breathe,Beyond Good And Evil,MPEG audio file,Rock
2614,Nico,Beyond Good And Evil,MPEG audio file,Rock
2615,American Gothic,Beyond Good And Evil,MPEG audio file,Rock
2616,Ashes And Ghosts,Beyond Good And Evil,MPEG audio file,Rock
2617,Shape The Sky,Beyond Good And Evil,MPEG audio file,Rock
2618,Speed Of Light,Beyond Good And Evil,MPEG audio file,Rock
2619,True Believers,Beyond Good And Evil,MPEG audio file,Rock
2620,My Bridges Burn,Beyond Good And Evil,MPEG audio file,Rock
2621,She Sells Sanctuary,"Pure Cult: The Best Of The Cult (For Rockers, Ravers, Lovers & Sinners) [UK]",MPEG audio file,Rock
2622,Fire Woman,"Pure Cult: The Best Of The Cult (For Rockers, Ravers, Lovers & Sinners) [UK]",MPEG audio file,Rock
2623,Lil' Evil,"Pure Cult: The Best Of The Cult (For Rockers, Ravers, Lovers & Sinners) [UK]",MPEG audio file,Rock
2624,Spirit Walker,"Pure Cult: The Best Of The Cult (For Rockers, Ravers, Lovers & Sinners) [UK]",MPEG audio file,Rock
2625,The Witch,"Pure Cult: The Best Of The Cult (For Rockers, Ravers, Lovers & Sinners) [UK]",MPEG audio file,Rock
2626,Revolution,"Pure Cult: The Best Of The Cult (For Rockers, Ravers, Lovers & Sinners) [UK]",MPEG audio file,Rock
2627,Wild Hearted Son,"Pure Cult: The Best Of The Cult (For Rockers, Ravers, Lovers & Sinners) [UK]",MPEG audio file,Rock
2628,Love Removal Machine,"Pure Cult: The Best Of The Cult (For Rockers, Ravers, Lovers & Sinners) [UK]",MPEG audio file,Rock
2629,Rain,"Pure Cult: The Best Of The Cult (For Rockers, Ravers, Lovers & Sinners) [UK]",MPEG audio file,Rock
2630,Edie (Ciao Baby),"Pure Cult: The Best Of The Cult (For Rockers, Ravers, Lovers & Sinners) [UK]",MPEG audio file,Rock
2631,Heart Of Soul,"Pure Cult: The Best Of The Cult (For Rockers, Ravers, Lovers & Sinners) [UK]",MPEG audio file,Rock
2632,Love,"Pure Cult: The Best Of The Cult (For Rockers, Ravers, Lovers & Sinners) [UK]",MPEG audio file,Rock
2633,Wild Flower,"Pure Cult: The Best Of The Cult (For Rockers, Ravers, Lovers & Sinners) [UK]",MPEG audio file,Rock
2634,Go West,"Pure Cult: The Best Of The Cult (For Rockers, Ravers, Lovers & Sinners) [UK]",MPEG audio file,Rock
2635,Resurrection Joe,"Pure Cult: The Best Of The Cult (For Rockers, Ravers, Lovers & Sinners) [UK]",MPEG audio file,Rock
2636,Sun King,"Pure Cult: The Best Of The Cult (For Rockers, Ravers, Lovers & Sinners) [UK]",MPEG audio file,Rock
2637,Sweet Soul Sister,"Pure Cult: The Best Of The Cult (For Rockers, Ravers, Lovers & Sinners) [UK]",MPEG audio file,Rock
2638,Earth Mofo,"Pure Cult: The Best Of The Cult (For Rockers, Ravers, Lovers & Sinners) [UK]",MPEG audio file,Rock
2639,Break on Through,The Doors,MPEG audio file,Rock
2640,Soul Kitchen,The Doors,MPEG audio file,Rock
2641,The Crystal Ship,The Doors,MPEG audio file,Rock
2642,Twentienth Century Fox,The Doors,MPEG audio file,Rock
2643,Alabama Song,The Doors,MPEG audio file,Rock
2644,Light My Fire,The Doors,MPEG audio file,Rock
2645,Back Door Man,The Doors,MPEG audio file,Rock
2646,I Looked At You,The Doors,MPEG audio file,Rock
2647,End Of The Night,The Doors,MPEG audio file,Rock
2648,Take It As It Comes,The Doors,MPEG audio file,Rock
2649,The End,The Doors,MPEG audio file,Rock
2650,Roxanne,The Police Greatest Hits,MPEG audio file,Rock
2651,Can't Stand Losing You,The Police Greatest Hits,MPEG audio file,Rock
2652,Message in a Bottle,The Police Greatest Hits,MPEG audio file,Rock
2653,Walking on the Moon,The Police Greatest Hits,MPEG audio file,Rock
2654,Don't Stand so Close to Me,The Police Greatest Hits,MPEG audio file,Rock
2655,"De Do Do Do, De Da Da Da",The Police Greatest Hits,MPEG audio file,Rock
2656,Every Little Thing She Does is Magic,The Police Greatest Hits,MPEG audio file,Rock
2657,Invisible Sun,The Police Greatest Hits,MPEG audio file,Rock
2658,Spirit's in the Material World,The Police Greatest Hits,MPEG audio file,Rock
2659,Every Breath You Take,The Police Greatest Hits,MPEG audio file,Rock
2660,King Of Pain,The Police Greatest Hits,MPEG audio file,Rock
2661,Wrapped Around Your Finger,The Police Greatest Hits,MPEG audio file,Rock
2662,Don't Stand So Close to Me '86,The Police Greatest Hits,MPEG audio file,Rock
2663,Message in a Bottle (new classic rock mix),The Police Greatest Hits,MPEG audio file,Rock
2664,Time Is On My Side,"Hot Rocks, 1964-1971 (Disc 1)",MPEG audio file,Rock
2665,Heart Of Stone,"Hot Rocks, 1964-1971 (Disc 1)",MPEG audio file,Rock
2666,Play With Fire,"Hot Rocks, 1964-1971 (Disc 1)",MPEG audio file,Rock
2667,Satisfaction,"Hot Rocks, 1964-1971 (Disc 1)",MPEG audio file,Rock
2668,As Tears Go By,"Hot Rocks, 1964-1971 (Disc 1)",MPEG audio file,Rock
2669,Get Off Of My Cloud,"Hot Rocks, 1964-1971 (Disc 1)",MPEG audio file,Rock
2670,Mother's Little Helper,"Hot Rocks, 1964-1971 (Disc 1)",MPEG audio file,Rock
2671,19th Nervous Breakdown,"Hot Rocks, 1964-1971 (Disc 1)",MPEG audio file,Rock
2672,Paint It Black,"Hot Rocks, 1964-1971 (Disc 1)",MPEG audio file,Rock
2673,Under My Thumb,"Hot Rocks, 1964-1971 (Disc 1)",MPEG audio file,Rock
2674,Ruby Tuesday,"Hot Rocks, 1964-1971 (Disc 1)",MPEG audio file,Rock
2675,Let's Spend The Night Together,"Hot Rocks, 1964-1971 (Disc 1)",MPEG audio file,Rock
2676,Intro,No Security,MPEG audio file,Rock
2677,You Got Me Rocking,No Security,MPEG audio file,Rock
2678,Gimmie Shelters,No Security,MPEG audio file,Rock
2679,Flip The Switch,No Security,MPEG audio file,Rock
2680,Memory Motel,No Security,MPEG audio file,Rock
2681,Corinna,No Security,MPEG audio file,Rock
2682,Saint Of Me,No Security,MPEG audio file,Rock
2683,Wainting On A Friend,No Security,MPEG audio file,Rock
2684,Sister Morphine,No Security,MPEG audio file,Rock
2685,Live With Me,No Security,MPEG audio file,Rock
2686,Respectable,No Security,MPEG audio file,Rock
2687,Thief In The Night,No Security,MPEG audio file,Rock
2688,The Last Time,No Security,MPEG audio file,Rock
2689,Out Of Control,No Security,MPEG audio file,Rock
2690,Love Is Strong,Voodoo Lounge,MPEG audio file,Rock
2691,You Got Me Rocking,Voodoo Lounge,MPEG audio file,Rock
2692,Sparks Will Fly,Voodoo Lounge,MPEG audio file,Rock
2693,The Worst,Voodoo Lounge,MPEG audio file,Rock
2694,New Faces,Voodoo Lounge,MPEG audio file,Rock
2695,Moon Is Up,Voodoo Lounge,MPEG audio file,Rock
2696,Out Of Tears,Voodoo Lounge,MPEG audio file,Rock
2697,I Go Wild,Voodoo Lounge,MPEG audio file,Rock
2698,Brand New Car,Voodoo Lounge,MPEG audio file,Rock
2699,Sweethearts Together,Voodoo Lounge,MPEG audio file,Rock
2700,Suck On The Jugular,Voodoo Lounge,MPEG audio file,Rock
2701,Blinded By Rainbows,Voodoo Lounge,MPEG audio file,Rock
2702,Baby Break It Down,Voodoo Lounge,MPEG audio file,Rock
2703,Thru And Thru,Voodoo Lounge,MPEG audio file,Rock
2704,Mean Disposition,Voodoo Lounge,MPEG audio file,Rock
2731,I Can't Explain,My Generation - The Very Best Of The Who,MPEG audio file,Rock
2732,"Anyway, Anyhow, Anywhere",My Generation - The Very Best Of The Who,MPEG audio file,Rock
2733,My Generation,My Generation - The Very Best Of The Who,MPEG audio file,Rock
2734,Substitute,My Generation - The Very Best Of The Who,MPEG audio file,Rock
2735,I'm A Boy,My Generation - The Very Best Of The Who,MPEG audio file,Rock
2736,Boris The Spider,My Generation - The Very Best Of The Who,MPEG audio file,Rock
2737,Happy Jack,My Generation - The Very Best Of The Who,MPEG audio file,Rock
2738,Pictures Of Lily,My Generation - The Very Best Of The Who,MPEG audio file,Rock
2739,I Can See For Miles,My Generation - The Very Best Of The Who,MPEG audio file,Rock
2740,Magic Bus,My Generation - The Very Best Of The Who,MPEG audio file,Rock
2741,Pinball Wizard,My Generation - The Very Best Of The Who,MPEG audio file,Rock
2742,The Seeker,My Generation - The Very Best Of The Who,MPEG audio file,Rock
2743,Baba O'Riley,My Generation - The Very Best Of The Who,MPEG audio file,Rock
2744,Won't Get Fooled Again (Full Length Version),My Generation - The Very Best Of The Who,MPEG audio file,Rock
2745,Let's See Action,My Generation - The Very Best Of The Who,MPEG audio file,Rock
2746,5.15,My Generation - The Very Best Of The Who,MPEG audio file,Rock
2747,Join Together,My Generation - The Very Best Of The Who,MPEG audio file,Rock
2748,Squeeze Box,My Generation - The Very Best Of The Who,MPEG audio file,Rock
2749,Who Are You (Single Edit Version),My Generation - The Very Best Of The Who,MPEG audio file,Rock
2750,You Better You Bet,My Generation - The Very Best Of The Who,MPEG audio file,Rock
2926,Zoo Station,Achtung Baby,MPEG audio file,Rock
2927,Even Better Than The Real Thing,Achtung Baby,MPEG audio file,Rock
2928,One,Achtung Baby,MPEG audio file,Rock
2929,Until The End Of The World,Achtung Baby,MPEG audio file,Rock
2930,Who's Gonna Ride Your Wild Horses,Achtung Baby,MPEG audio file,Rock
2931,So Cruel,Achtung Baby,MPEG audio file,Rock
2932,The Fly,Achtung Baby,MPEG audio file,Rock
2933,Mysterious Ways,Achtung Baby,MPEG audio file,Rock
2934,Tryin' To Throw Your Arms Around The World,Achtung Baby,MPEG audio file,Rock
2935,Ultraviolet (Light My Way),Achtung Baby,MPEG audio file,Rock
2936,Acrobat,Achtung Baby,MPEG audio file,Rock
2937,Love Is Blindness,Achtung Baby,MPEG audio file,Rock
2938,Beautiful Day,All That You Can't Leave Behind,MPEG audio file,Rock
2939,Stuck In A Moment You Can't Get Out Of,All That You Can't Leave Behind,MPEG audio file,Rock
2940,Elevation,All That You Can't Leave Behind,MPEG audio file,Rock
2941,Walk On,All That You Can't Leave Behind,MPEG audio file,Rock
2942,Kite,All That You Can't Leave Behind,MPEG audio file,Rock
2943,In A Little While,All That You Can't Leave Behind,MPEG audio file,Rock
2944,Wild Honey,All That You Can't Leave Behind,MPEG audio file,Rock
2945,Peace On Earth,All That You Can't Leave Behind,MPEG audio file,Rock
2946,When I Look At The World,All That You Can't Leave Behind,MPEG audio file,Rock
2947,New York,All That You Can't Leave Behind,MPEG audio file,Rock
2948,Grace,All That You Can't Leave Behind,MPEG audio file,Rock
2949,The Three Sunrises,B-Sides 1980-1990,MPEG audio file,Rock
2950,Spanish Eyes,B-Sides 1980-1990,MPEG audio file,Rock
2951,Sweetest Thing,B-Sides 1980-1990,MPEG audio file,Rock
2952,Love Comes Tumbling,B-Sides 1980-1990,MPEG audio file,Rock
2953,Bass Trap,B-Sides 1980-1990,MPEG audio file,Rock
2954,Dancing Barefoot,B-Sides 1980-1990,MPEG audio file,Rock
2955,Everlasting Love,B-Sides 1980-1990,MPEG audio file,Rock
2956,Unchained Melody,B-Sides 1980-1990,MPEG audio file,Rock
2957,Walk To The Water,B-Sides 1980-1990,MPEG audio file,Rock
2958,Luminous Times (Hold On To Love),B-Sides 1980-1990,MPEG audio file,Rock
2959,Hallelujah Here She Comes,B-Sides 1980-1990,MPEG audio file,Rock
2960,Silver And Gold,B-Sides 1980-1990,MPEG audio file,Rock
2961,Endless Deep,B-Sides 1980-1990,MPEG audio file,Rock
2962,A Room At The Heartbreak Hotel,B-Sides 1980-1990,MPEG audio file,Rock
2963,"Trash, Trampoline And The Party Girl",B-Sides 1980-1990,MPEG audio file,Rock
2964,Vertigo,How To Dismantle An Atomic Bomb,MPEG audio file,Rock
2965,Miracle Drug,How To Dismantle An Atomic Bomb,MPEG audio file,Rock
2966,Sometimes You Can't Make It On Your Own,How To Dismantle An Atomic Bomb,MPEG audio file,Rock
2967,Love And Peace Or Else,How To Dismantle An Atomic Bomb,MPEG audio file,Rock
2968,City Of Blinding Lights,How To Dismantle An Atomic Bomb,MPEG audio file,Rock
2969,All Because Of You,How To Dismantle An Atomic Bomb,MPEG audio file,Rock
2970,A Man And A Woman,How To Dismantle An Atomic Bomb,MPEG audio file,Rock
2971,Crumbs From Your Table,How To Dismantle An Atomic Bomb,MPEG audio file,Rock
2972,One Step Closer,How To Dismantle An Atomic Bomb,MPEG audio file,Rock
2973,Original Of The Species,How To Dismantle An Atomic Bomb,MPEG audio file,Rock
2974,Yahweh,How To Dismantle An Atomic Bomb,MPEG audio file,Rock
2975,Discotheque,Pop,MPEG audio file,Rock
2976,Do You Feel Loved,Pop,MPEG audio file,Rock
2977,Mofo,Pop,MPEG audio file,Rock
2978,If God Will Send His Angels,Pop,MPEG audio file,Rock
2979,Staring At The Sun,Pop,MPEG audio file,Rock
2980,Last Night On Earth,Pop,MPEG audio file,Rock
2981,Gone,Pop,MPEG audio file,Rock
2982,Miami,Pop,MPEG audio file,Rock
2983,The Playboy Mansion,Pop,MPEG audio file,Rock
2984,If You Wear That Velvet Dress,Pop,MPEG audio file,Rock
2985,Please,Pop,MPEG audio file,Rock
2986,Wake Up Dead Man,Pop,MPEG audio file,Rock
2987,Helter Skelter,Rattle And Hum,MPEG audio file,Rock
2988,Van Diemen's Land,Rattle And Hum,MPEG audio file,Rock
2989,Desire,Rattle And Hum,MPEG audio file,Rock
2990,Hawkmoon 269,Rattle And Hum,MPEG audio file,Rock
2991,All Along The Watchtower,Rattle And Hum,MPEG audio file,Rock
2992,I Still Haven't Found What I'm Looking for,Rattle And Hum,MPEG audio file,Rock
2993,Freedom For My People,Rattle And Hum,MPEG audio file,Rock
2994,Silver And Gold,Rattle And Hum,MPEG audio file,Rock
2995,Pride (In The Name Of Love),Rattle And Hum,MPEG audio file,Rock
2996,Angel Of Harlem,Rattle And Hum,MPEG audio file,Rock
2997,Love Rescue Me,Rattle And Hum,MPEG audio file,Rock
2998,When Love Comes To Town,Rattle And Hum,MPEG audio file,Rock
2999,Heartland,Rattle And Hum,MPEG audio file,Rock
3000,God Part II,Rattle And Hum,MPEG audio file,Rock
3001,The Star Spangled Banner,Rattle And Hum,MPEG audio file,Rock
3002,Bullet The Blue Sky,Rattle And Hum,MPEG audio file,Rock
3003,All I Want Is You,Rattle And Hum,MPEG audio file,Rock
3004,Pride (In The Name Of Love),The Best Of 1980-1990,MPEG audio file,Rock
3005,New Year's Day,The Best Of 1980-1990,MPEG audio file,Rock
3006,With Or Without You,The Best Of 1980-1990,MPEG audio file,Rock
3007,I Still Haven't Found What I'm Looking For,The Best Of 1980-1990,MPEG audio file,Rock
3008,Sunday Bloody Sunday,The Best Of 1980-1990,MPEG audio file,Rock
3009,Bad,The Best Of 1980-1990,MPEG audio file,Rock
3010,Where The Streets Have No Name,The Best Of 1980-1990,MPEG audio file,Rock
3011,I Will Follow,The Best Of 1980-1990,MPEG audio file,Rock
3012,The Unforgettable Fire,The Best Of 1980-1990,MPEG audio file,Rock
3013,Sweetest Thing,The Best Of 1980-1990,MPEG audio file,Rock
3014,Desire,The Best Of 1980-1990,MPEG audio file,Rock
3015,When Love Comes To Town,The Best Of 1980-1990,MPEG audio file,Rock
3016,Angel Of Harlem,The Best Of 1980-1990,MPEG audio file,Rock
3017,All I Want Is You,The Best Of 1980-1990,MPEG audio file,Rock
3018,Sunday Bloody Sunday,War,MPEG audio file,Rock
3019,Seconds,War,MPEG audio file,Rock
3020,New Year's Day,War,MPEG audio file,Rock
3021,Like A Song...,War,MPEG audio file,Rock
3022,Drowning Man,War,MPEG audio file,Rock
3023,The Refugee,War,MPEG audio file,Rock
3024,Two Hearts Beat As One,War,MPEG audio file,Rock
3025,Red Light,War,MPEG audio file,Rock
3026,Surrender,War,MPEG audio file,Rock
3027,"""40""",War,MPEG audio file,Rock
3028,Zooropa,Zooropa,MPEG audio file,Rock
3029,Babyface,Zooropa,MPEG audio file,Rock
3030,Numb,Zooropa,MPEG audio file,Rock
3031,Lemon,Zooropa,MPEG audio file,Rock
3032,"Stay (Faraway, So Close!)",Zooropa,MPEG audio file,Rock
3033,Daddy's Gonna Pay For Your Crashed Car,Zooropa,MPEG audio file,Rock
3034,Some Days Are Better Than Others,Zooropa,MPEG audio file,Rock
3035,The First Time,Zooropa,MPEG audio file,Rock
3036,Dirty Day,Zooropa,MPEG audio file,Rock
3037,The Wanderer,Zooropa,MPEG audio file,Rock
3052,Where Have All The Good Times Gone?,Diver Down,MPEG audio file,Rock
3053,Hang 'Em High,Diver Down,MPEG audio file,Rock
3054,Cathedral,Diver Down,MPEG audio file,Rock
3055,Secrets,Diver Down,MPEG audio file,Rock
3056,Intruder,Diver Down,MPEG audio file,Rock
3057,(Oh) Pretty Woman,Diver Down,MPEG audio file,Rock
3058,Dancing In The Street,Diver Down,MPEG audio file,Rock
3059,Little Guitars (Intro),Diver Down,MPEG audio file,Rock
3060,Little Guitars,Diver Down,MPEG audio file,Rock
3061,Big Bad Bill (Is Sweet William Now),Diver Down,MPEG audio file,Rock
3062,The Full Bug,Diver Down,MPEG audio file,Rock
3063,Happy Trails,Diver Down,MPEG audio file,Rock
3064,Eruption,"The Best Of Van Halen, Vol. I",MPEG audio file,Rock
3065,Ain't Talkin' 'bout Love,"The Best Of Van Halen, Vol. I",MPEG audio file,Rock
3066,Runnin' With The Devil,"The Best Of Van Halen, Vol. I",MPEG audio file,Rock
3067,Dance the Night Away,"The Best Of Van Halen, Vol. I",MPEG audio file,Rock
3068,And the Cradle Will Rock...,"The Best Of Van Halen, Vol. I",MPEG audio file,Rock
3069,Unchained,"The Best Of Van Halen, Vol. I",MPEG audio file,Rock
3070,Jump,"The Best Of Van Halen, Vol. I",MPEG audio file,Rock
3071,Panama,"The Best Of Van Halen, Vol. I",MPEG audio file,Rock
3072,Why Can't This Be Love,"The Best Of Van Halen, Vol. I",MPEG audio file,Rock
3073,Dreams,"The Best Of Van Halen, Vol. I",MPEG audio file,Rock
3074,When It's Love,"The Best Of Van Halen, Vol. I",MPEG audio file,Rock
3075,Poundcake,"The Best Of Van Halen, Vol. I",MPEG audio file,Rock
3076,Right Now,"The Best Of Van Halen, Vol. I",MPEG audio file,Rock
3077,Can't Stop Loving You,"The Best Of Van Halen, Vol. I",MPEG audio file,Rock
3078,Humans Being,"The Best Of Van Halen, Vol. I",MPEG audio file,Rock
3079,Can't Get This Stuff No More,"The Best Of Van Halen, Vol. I",MPEG audio file,Rock
3080,Me Wise Magic,"The Best Of Van Halen, Vol. I",MPEG audio file,Rock
3081,Runnin' With The Devil,Van Halen,MPEG audio file,Rock
3082,Eruption,Van Halen,MPEG audio file,Rock
3083,You Really Got Me,Van Halen,MPEG audio file,Rock
3084,Ain't Talkin' 'Bout Love,Van Halen,MPEG audio file,Rock
3085,I'm The One,Van Halen,MPEG audio file,Rock
3086,Jamie's Cryin',Van Halen,MPEG audio file,Rock
3087,Atomic Punk,Van Halen,MPEG audio file,Rock
3088,Feel Your Love Tonight,Van Halen,MPEG audio file,Rock
3089,Little Dreamer,Van Halen,MPEG audio file,Rock
3090,Ice Cream Man,Van Halen,MPEG audio file,Rock
3091,On Fire,Van Halen,MPEG audio file,Rock
3092,Neworld,Van Halen III,MPEG audio file,Rock
3093,Without You,Van Halen III,MPEG audio file,Rock
3094,One I Want,Van Halen III,MPEG audio file,Rock
3095,From Afar,Van Halen III,MPEG audio file,Rock
3096,Dirty Water Dog,Van Halen III,MPEG audio file,Rock
3097,Once,Van Halen III,MPEG audio file,Rock
3098,Fire in the Hole,Van Halen III,MPEG audio file,Rock
3099,Josephina,Van Halen III,MPEG audio file,Rock
3100,Year to the Day,Van Halen III,MPEG audio file,Rock
3101,Primary,Van Halen III,MPEG audio file,Rock
3102,Ballot or the Bullet,Van Halen III,MPEG audio file,Rock
3103,How Many Say I,Van Halen III,MPEG audio file,Rock
3104,Sucker Train Blues,Contraband,MPEG audio file,Rock
3105,Do It For The Kids,Contraband,MPEG audio file,Rock
3106,Big Machine,Contraband,MPEG audio file,Rock
3107,Illegal I Song,Contraband,MPEG audio file,Rock
3108,Spectacle,Contraband,MPEG audio file,Rock
3109,Fall To Pieces,Contraband,MPEG audio file,Rock
3110,Headspace,Contraband,MPEG audio file,Rock
3111,Superhuman,Contraband,MPEG audio file,Rock
3112,Set Me Free,Contraband,MPEG audio file,Rock
3113,You Got No Right,Contraband,MPEG audio file,Rock
3114,Slither,Contraband,MPEG audio file,Rock
3115,Dirty Little Thing,Contraband,MPEG audio file,Rock
3116,Loving The Alien,Contraband,MPEG audio file,Rock
3225,Your Time Is Gonna Come,Un-Led-Ed,Protected AAC audio file,Rock
3276,Sympton of the Universe,Speak of the Devil,Protected AAC audio file,Rock
3277,Snowblind,Speak of the Devil,Protected AAC audio file,Rock
3278,Black Sabbath,Speak of the Devil,Protected AAC audio file,Rock
3279,Fairies Wear Boots,Speak of the Devil,Protected AAC audio file,Rock
3280,War Pigs,Speak of the Devil,Protected AAC audio file,Rock
3281,The Wizard,Speak of the Devil,Protected AAC audio file,Rock
3282,N.I.B.,Speak of the Devil,Protected AAC audio file,Rock
3283,Sweet Leaf,Speak of the Devil,Protected AAC audio file,Rock
3284,Never Say Die,Speak of the Devil,Protected AAC audio file,Rock
3285,"Sabbath, Bloody Sabbath",Speak of the Devil,Protected AAC audio file,Rock
3286,Iron Man/Children of the Grave,Speak of the Devil,Protected AAC audio file,Rock
3287,Paranoid,Speak of the Devil,Protected AAC audio file,Rock
3288,Rock You Like a Hurricane,20th Century Masters - The Millennium Collection: The Best of Scorpions,Protected AAC audio file,Rock
3289,No One Like You,20th Century Masters - The Millennium Collection: The Best of Scorpions,Protected AAC audio file,Rock
3290,The Zoo,20th Century Masters - The Millennium Collection: The Best of Scorpions,Protected AAC audio file,Rock
3291,Loving You Sunday Morning,20th Century Masters - The Millennium Collection: The Best of Scorpions,Protected AAC audio file,Rock
3292,Still Loving You,20th Century Masters - The Millennium Collection: The Best of Scorpions,Protected AAC audio file,Rock
3293,Big City Nights,20th Century Masters - The Millennium Collection: The Best of Scorpions,Protected AAC audio file,Rock
3294,Believe in Love,20th Century Masters - The Millennium Collection: The Best of Scorpions,Protected AAC audio file,Rock
3295,Rhythm of Love,20th Century Masters - The Millennium Collection: The Best of Scorpions,Protected AAC audio file,Rock
3296,I Can't Explain,20th Century Masters - The Millennium Collection: The Best of Scorpions,Protected AAC audio file,Rock
3297,Tease Me Please Me,20th Century Masters - The Millennium Collection: The Best of Scorpions,Protected AAC audio file,Rock
3298,Wind of Change,20th Century Masters - The Millennium Collection: The Best of Scorpions,Protected AAC audio file,Rock
3299,Send Me an Angel,20th Century Masters - The Millennium Collection: The Best of Scorpions,Protected AAC audio file,Rock
3353,I Guess You're Right,Every Kind of Light,AAC audio file,Rock
3355,Love Comes,Every Kind of Light,AAC audio file,Rock
